{"stat.cakeSlicesEaten":8,"stat.chestOpened":25,"stat.drop.minecraft.stone_pickaxe":1,"stat.drop.minecraft.mutton":2,"stat.pickup.minecraft.bone":2,"stat.leaveGame":2,"stat.pickup.minecraft.gravel":78,"stat.pickup.minecraft.arrow":7,"stat.pickup.minecraft.iron_sword":2,"stat.mineBlock.minecraft.cobblestone":2,"stat.pickup.minecraft.stone_pickaxe":1,"stat.pickup.minecraft.flint":5,"stat.drop.fm.l_essence_of_greed":2,"stat.pickup.minecraft.flower_pot":3,"stat.pickup.evilcraft.condensed_blood":29,"stat.mineBlock.minecraft.sandstone":2,"stat.drop.rustic.honeycomb":4,"stat.useItem.minecraft.mutton":3,"stat.jump":1324,"stat.swimOneCm":31349,"stat.useItem.minecraft.sand":7,"stat.pickup.zawa.worm":13,"stat.useItem.minecraft.wooden_hoe":15,"stat.pickup.minecraft.coal":45,"stat.fallOneCm":28834,"stat.climbOneCm":1594,"stat.pickup.minecraft.glowstone_dust":6,"stat.pickup.minecraft.carrot":59,"stat.pickup.minecraft.gunpowder":2,"stat.crouchOneCm":44880,"stat.mineBlock.minecraft.chest":1,"stat.craftItem.minecraft.torch":12,"stat.craftItem.minecraft.chest":2,"stat.pickup.minecraft.dirt":372,"stat.useItem.minecraft.dirt":101,"stat.pickup.evilcraft.dark_gem_crushed":1,"stat.useItem.minecraft.stone_slab2":16,"stat.pickup.zawa.bird_meat":1,"stat.drop.minecraft.iron_sword":3,"stat.useItem.minecraft.water_bucket":3,"stat.craftingTableInteraction":5,"stat.pickup.minecraft.iron_ore":36,"stat.pickup.minecraft.rotten_flesh":8,"stat.pickup.minecraft.sand":24,"stat.mineBlock.rustic.beehive":2,"stat.mineBlock.minecraft.leaves2":6,"stat.damageTaken":1216,"stat.pickup.fm.silver_ore":4,"stat.mineBlock.minecraft.torch":3,"stat.killEntity.Enderman":2,"stat.pickup.evilcraft.dark_gem":2,"stat.pickup.minecraft.cobblestone":1288,"stat.pickup.fm.copper_ore":6,"stat.pickup.minecraft.dye":5,"stat.pickup.minecraft.planks":1,"stat.useItem.minecraft.stone_shovel":129,"stat.pickup.minecraft.reeds":3,"stat.pickup.chisel.limestone2":40,"stat.flyOneCm":88120,"stat.pickup.minecraft.bed":2,"stat.pickup.minecraft.sandstone":16,"stat.mineBlock.minecraft.snow_layer":24,"tombstone:undead_killed":6,"stat.pickup.rustic.honeycomb":4,"stat.pickup.minecraft.wheat_seeds":1,"stat.mineBlock.minecraft.sand":17,"stat.drop.minecraft.wheat_seeds":1,"stat.entityKilledBy.Zombie":1,"stat.drop.minecraft.sand":15,"stat.pickup.rustic.slate":33,"stat.useItem.minecraft.stone_pickaxe":101,"stat.pickup.fm.l_essence_of_greed":18,"stat.pickup.minecraft.cactus":1,"stat.craftItem.minecraft.wooden_hoe":1,"stat.damageDealt":3216,"stat.pickup.minecraft.redstone":38,"stat.mineBlock.minecraft.iron_ore":21,"stat.sleepInBed":3,"stat.pickup.tombstone.scroll_of_knowledge":1,"stat.timeSinceDeath":23553,"stat.mineBlock.rustic.aloe_vera":1,"stat.mineBlock.minecraft.dirt":107,"stat.drop.rustic.chili_pepper_seeds":1,"stat.walkOneCm":505330,"stat.useItem.minecraft.torch":9,"stat.pickup.rustic.bee":3,"stat.pickup.minecraft.brewing_stand":1,"stat.useItem.minecraft.bread":2,"stat.pickup.minecraft.golden_apple":1,"stat.useItem.minecraft.chest":1,"stat.drop.minecraft.rotten_flesh":3,"stat.useItem.minecraft.cobblestone":7,"stat.furnaceInteraction":6,"stat.mineBlock.minecraft.coal_ore":33,"stat.killEntity.Creeper":2,"stat.talkedToVillager":17,"stat.pickup.minecraft.string":2,"stat.pickup.minecraft.log":5,"stat.useItem.tombstone.gift":2,"stat.pickup.tombstone.crafting_ingredient":2,"stat.pickup.minecraft.stone":123,"stat.useItem.minecraft.written_book":1,"stat.pickup.fm.tin_ore":2,"stat.pickup.minecraft.sapling":1,"stat.sprintOneCm":92926,"stat.entityKilledBy.Enderman":1,"stat.craftItem.minecraft.stick":4,"stat.pickup.minecraft.bone_block":29,"stat.pickup.mca.rose_gold_ore":2,"stat.killEntity.Skeleton":1,"stat.craftItem.minecraft.bucket":1,"stat.useItem.minecraft.iron_sword":118,"stat.craftItem.minecraft.planks":20,"stat.drop.zawa.bird_meat":1,"stat.useItem.minecraft.snowball":5,"stat.killEntity.Spider":2,"stat.mineBlock.astralsorcery.blockmarble":4,"stat.pickup.astralsorcery.itemcraftingcomponent":5,"stat.mineBlock.minecraft.glowstone":1,"stat.useItem.minecraft.carrot":36,"stat.mobKills":16,"stat.pickup.minecraft.book":24,"stat.mineBlock.minecraft.bookshelf":8,"stat.mineBlock.minecraft.log":5,"stat.useItem.minecraft.dye":18,"stat.useItem.tombstone.scroll_of_knowledge":6,"stat.drop.minecraft.written_book":1,"stat.mineBlock.minecraft.planks":1,"stat.deaths":2,"stat.drop":22,"stat.drop.minecraft.leather_leggings":1,"stat.mineBlock.minecraft.leaves":35,"stat.playOneMinute":122134,"stat.pickup.minecraft.torch":3,"stat.pickup.minecraft.red_flower":1,"stat.sneakTime":11330,"stat.pickup.rustic.chili_pepper_seeds":1,"stat.mineBlock.astralsorcery.blockcustomsandore":2,"stat.mineBlock.minecraft.bone_block":30,"stat.pickup.evilcraft.werewolf_flesh":2,"stat.killEntity.Zombie":5,"stat.pickup.zawa.care_guide":1,"stat.drop.minecraft.chest":1,"stat.pickup.minecraft.snowball":53,"stat.craftItem.minecraft.dye":63,"stat.pickup.minecraft.yellow_flower":2,"stat.pickup.fm.topaz":1,"stat.mineBlock.minecraft.stone":7,"stat.pickup.chisel.marble2":36,"stat.mineBlock.minecraft.tallgrass":4,"stat.diveOneCm":9023,"stat.pickup.minecraft.chest":1,"stat.useItem.minecraft.sandstone":15}