{"stat.pickup.minecraft.wooden_slab":2,"stat.pickup.astralsorcery.itemhandtelescope":2,"stat.leaveGame":17,"stat.mineBlock.aether_legacy.ambrosium_ore":22,"stat.pickup.tombstone.familiar_stone":7,"stat.useItem.minecraft.glowstone":2,"stat.useItem.fm.powered_battle_scythe":757,"stat.mineBlock.minecraft.sandstone":13,"stat.craftItem.minecraft.ender_eye":16,"stat.killEntity.PigZombie":11,"stat.drop.minecraft.enchanted_book":1,"stat.pickup.zawa.worm":136,"stat.mineBlock.fm.insanity_ore":14,"stat.craftItem.minecraft.shield":3,"stat.mineBlock.minecraft.web":8,"stat.useItem.elevatorid.elevator_white":2,"stat.drop.minecraft.coal_block":1,"stat.mineBlock.astralsorcery.blockcustomflower":9,"stat.drop.minecraft.iron_sword":6,"stat.pickup.minecraft.rotten_flesh":257,"stat.drop.fm.obsidian_chestplate":1,"stat.craftItem.evilcraft.bowl_of_promises":10,"stat.mineBlock.minecraft.purpur_stairs":1,"stat.craftItem.minecraft.stone_axe":1,"stat.pickup.fm.uranium_pickaxe":2,"stat.pickup.minecraft.bucket":3,"stat.killEntity.Enderman":47,"stat.useItem.rustic.planks":1,"stat.pickup.minecraft.leather_boots":1,"stat.pickup.aether_legacy.skyroot_stairs":13,"stat.pickup.zawa.reptile_hide":3,"stat.mineBlock.fm.copper_ore":3,"stat.mineBlock.rustic.log":1,"stat.drop.minecraft.sand":15,"stat.pickup.fm.uranium_ore":15,"stat.mineBlock.minecraft.end_stone":46,"stat.pickup.astralsorcery.blocklens":20,"stat.useItem.minecraft.iron_pickaxe":9,"stat.mineBlock.fm.amethyst_ore":1,"stat.useItem.evilcraft.undead_sapling":3,"stat.craftItem.minecraft.bed":6,"stat.craftItem.minecraft.glass_pane":16,"stat.mineBlock.minecraft.vine":94,"stat.mineBlock.chisel.marble2":14,"stat.pickup.rustic.wildberries":26,"stat.furnaceInteraction":136,"stat.drop.minecraft.gravel":7,"stat.killEntity.ZombieVillager":7,"stat.mineBlock.minecraft.chorus_plant":5,"stat.pickup.minecraft.nether_brick":46,"stat.entityKilledBy.WitherSkeleton":1,"stat.craftItem.fm.obsidian_leggings":1,"stat.useItem.aether_legacy.zanite_shovel":250,"stat.craftItem.evilcraft.dark_stick":4,"stat.useItem.minecraft.end_stone":35,"stat.pickup.aether_legacy.golden_oak_sapling":5,"stat.pickup.minecraft.beef":4,"stat.pickup.betternether.eye_seed":1,"stat.pickup.fm.obsidian_leggings":2,"stat.pickup.minecraft.leather_helmet":2,"stat.useItem.minecraft.trapdoor":2,"stat.mineBlock.fm.uranium_ore":15,"stat.pickup.aether_legacy.neptune_gloves":3,"stat.pickup.mca.rose_gold_ore":11,"stat.pickup.minecraft.potion":7,"stat.pickup.wolfarmor.chainmail_wolf_armor":1,"stat.useItem.minecraft.flint_and_steel":3,"stat.pickup.mowziesmobs.barakoa_mask_rage":1,"stat.pickup.tombstone.scroll_buff":1,"stat.mineBlock.astralsorcery.blockmarble":396,"stat.killEntity.Husk":11,"stat.mineBlock.fm.onyx_ore":13,"stat.useItem.aether_legacy.skyroot_sapling":2,"stat.pickup.minecraft.emerald":38,"stat.useItem.minecraft.dye":87,"stat.deaths":24,"stat.mineBlock.aether_legacy.aercloud":3,"stat.pickup.aether_legacy.dart":10,"stat.useItem.minecraft.nether_brick":10,"stat.craftItem.minecraft.iron_pickaxe":1,"stat.pickup.zawa.care_guide":2,"stat.drop.minecraft.glass_bottle":1,"stat.pickup.chisel.marble2":623,"stat.mineBlock.minecraft.tallgrass":33,"stat.pickup.minecraft.cooked_mutton":5,"stat.chestOpened":1459,"stat.pickup.aether_legacy.dart_shooter":1,"stat.useItem.minecraft.stone":6,"stat.pickup.minecraft.arrow":136,"stat.pickup.minecraft.iron_sword":8,"stat.mineBlock.aether_legacy.purple_flower":1,"stat.useItem.twilightforest.twilight_oak_planks":3,"stat.pickup.minecraft.gold_nugget":10,"stat.craftItem.minecraft.coal":126,"stat.mineBlock.elevatorid.elevator_white":3,"stat.pickup.fm.obsidian_sword":4,"stat.pickup.chisel.basalt2":13,"stat.craftItem.evilcraft.dark_spike":96,"stat.mineBlock.aether_legacy.skyroot_plank":48,"stat.pickup.minecraft.carrot":972,"stat.crouchOneCm":518011,"stat.mineBlock.minecraft.chest":21,"stat.craftItem.minecraft.iron_ingot":247,"stat.pickup.rustic.grape_stem":16,"stat.pickup.evilcraft.hardened_blood_shard":34,"stat.craftingTableInteraction":139,"stat.useItem.aether_legacy.holystone":1,"stat.pickup.astralsorcery.blockstarlightinfuser":5,"stat.mineBlock.evilcraft.undead_log":11,"stat.pickup.minecraft.wooden_pickaxe":3,"stat.useItem.chisel.marble2":10,"stat.mineBlock.aether_legacy.mossy_holystone":3,"stat.useItem.minecraft.reeds":22,"stat.pickup.minecraft.dye":491,"stat.pickup.minecraft.planks":506,"stat.pickup.chisel.limestone2":140,"stat.pickup.minecraft.wheat_seeds":9,"stat.pickup.evilcraft.blood_pearl_of_teleportation":1,"stat.mineBlock.aether_legacy.aether_dirt":2,"stat.pickup.aether_legacy.aercloud":25,"stat.killEntity.cockatrice":1,"stat.drop.minecraft.soul_sand":1,"stat.craftItem.aether_legacy.skyroot_stairs":16,"stat.craftItem.evilcraft.blood_pearl_of_teleportation":1,"stat.pickup.tombstone.scroll_of_knowledge":1,"stat.mineBlock.minecraft.dirt":2017,"stat.pickup.tombstone.voodoo_poppet":1,"stat.craftItem.evilcraft.dark_tank":3,"stat.pickup.aether_legacy.ambrosium_torch":25,"stat.pickup.minecraft.poisonous_potato":1,"stat.pickup.evilcraft.origins_of_darkness":1,"stat.pickup.minecraft.brewing_stand":2,"stat.useItem.minecraft.bread":2,"stat.pickup.evilcraft.vengeance_pickaxe":2,"stat.drop.minecraft.rotten_flesh":5,"stat.craftItem.evilcraft.vengeance_pickaxe":2,"stat.craftItem.fm.hardened_iron_ingot":5,"stat.useItem.minecraft.cobblestone":682,"stat.useItem.minecraft.gravel":12,"stat.mineBlock.betternether.cincinnasite_ore":1,"stat.pickup.fm.joy_ore":2,"stat.pickup.astralsorcery.blockwell":2,"stat.pickup.minecraft.iron_pickaxe":4,"stat.drop.minecraft.carrot":18,"stat.mineBlock.minecraft.end_rod":2,"stat.useItem.minecraft.yellow_flower":4,"stat.mineBlock.evilcraft.hardened_blood":25,"stat.craftItem.minecraft.gold_ingot":44,"stat.craftItem.chisel.chisel_iron":1,"stat.pickup.minecraft.tipped_arrow":1,"stat.pickup.minecraft.apple":13,"stat.mineBlock.twilightforest.twilight_leaves":259,"stat.pickup.minecraft.end_stone":47,"stat.pickup.evilcraft.dark_tank":1,"stat.useItem.fm.obsidian_pickaxe":3230,"stat.pickup.minecraft.coal_block":17,"stat.craftItem.minecraft.bucket":2,"stat.useItem.minecraft.iron_sword":149,"stat.craftItem.minecraft.planks":2096,"stat.itemEnchanted":1,"stat.pickup.minecraft.book":48,"stat.mineBlock.minecraft.log":77,"stat.useItem.aether_legacy.zanite_pickaxe":1,"stat.useItem.minecraft.spruce_door":3,"stat.drop.minecraft.leather_leggings":1,"stat.craftItem.minecraft.paper":12,"stat.pickup.minecraft.red_flower":19,"stat.pickup.minecraft.wool":2,"stat.useItem.minecraft.chorus_fruit":2,"stat.pickup.minecraft.cooked_fish":5,"stat.pickup.astralsorcery.blockblackmarble":32,"stat.craftItem.minecraft.spruce_door":6,"stat.cakeSlicesEaten":8,"stat.mineBlock.evilcraft.dark_tank":1,"stat.useItem.minecraft.iron_axe":239,"stat.mineBlock.minecraft.cobblestone":115,"stat.pickup.minecraft.stone_pickaxe":2,"stat.pickup.minecraft.flint":13,"stat.mineBlock.minecraft.yellow_flower":13,"stat.pickup.aether_legacy.holystone":43,"stat.craftItem.tombstone.grave_key":1,"stat.mineBlock.betternether.barrel_cactus":1,"stat.useItem.minecraft.skull":1,"stat.pickup.aether_legacy.zanite_pickaxe":3,"stat.pickup.minecraft.leather_chestplate":1,"stat.drop.fm.l_essence_of_greed":6,"stat.pickup.minecraft.flower_pot":3,"stat.craftItem.minecraft.wool":25,"stat.craftItem.evilcraft.undead_plank":4,"stat.mineBlock.astralsorcery.blockcustomore":16,"stat.drop.aether_legacy.golden_pendant":1,"stat.craftItem.evilcraft.purifier":1,"stat.mineBlock.betternether.nether_cactus":1,"stat.pickup.minecraft.enchanted_book":5,"stat.pickup.minecraft.glowstone":7,"stat.pickup.tombstone.tablet_of_assistance":1,"stat.mineBlock.chisel.marble":6,"stat.killEntity.swet":4,"stat.killEntity.sentry":2,"stat.useItem.minecraft.stone_slab2":298,"stat.pickup.minecraft.bow":3,"stat.pickup.minecraft.iron_boots":8,"stat.craftItem.minecraft.furnace":3,"stat.craftItem.minecraft.lapis_block":2,"stat.pickup.aether_legacy.skyroot_sapling":6,"stat.drop.zawa.carnivore_meat_raw":1,"stat.pickup.minecraft.nether_wart_block":1,"stat.mineBlock.minecraft.obsidian":25,"stat.pickup.aether_legacy.aether_dirt":7,"stat.pickup.minecraft.diamond_leggings":4,"stat.flyOneCm":2176378,"stat.pickup.minecraft.sandstone":25,"stat.pickup.rustic.honeycomb":4,"stat.pickup.minecraft.nether_brick_stairs":14,"stat.pickup.mowziesmobs.glowing_jelly":1,"stat.pickup.rustic.slate":178,"stat.pickup.fm.l_essence_of_greed":656,"stat.drop.minecraft.chainmail_chestplate":2,"stat.timeSinceDeath":227421,"stat.craftItem.rustic.planks":4,"stat.pickup.twilightforest.twilight_sapling":16,"stat.craftItem.minecraft.iron_block":18,"stat.killEntity.Bat":2,"stat.drop.astralsorcery.blockcustomore":1,"stat.pickup.minecraft.chainmail_helmet":11,"stat.pickup.minecraft.nether_wart":34,"stat.pickup.aether_legacy.iron_ring":1,"stat.mineBlock.astralsorcery.blockblackmarble":32,"stat.pickup.minecraft.spruce_fence":7,"stat.mineBlock.minecraft.enchanting_table":3,"stat.craftItem.minecraft.chainmail_leggings":1,"stat.drop.astralsorcery.itemrockcrystalsimple":7,"stat.mineBlock.minecraft.coal_ore":95,"stat.killEntity.Creeper":14,"stat.pickup.minecraft.shield":32,"stat.talkedToVillager":34,"stat.pickup.rustic.planks":1,"stat.pickup.minecraft.string":66,"stat.pickup.tombstone.crafting_ingredient":57,"stat.entityKilledBy.Skeleton":2,"stat.drop.minecraft.obsidian":1,"stat.pickup.astralsorcery.blockmachine":5,"stat.useItem.minecraft.written_book":2,"stat.sprintOneCm":1967954,"stat.drop.minecraft.leather":1,"stat.pickup.minecraft.bone_block":29,"stat.useItem.minecraft.snowball":127,"stat.mineBlock.minecraft.diamond_ore":19,"stat.craftItem.evilcraft.blood_extractor":35,"stat.pickup.aether_legacy.sentry_boots":2,"stat.pickup.mowziesmobs.barakoa_mask_fear":1,"stat.pickup.minecraft.leather_leggings":4,"stat.useItem.aether_legacy.golden_oak_sapling":2,"stat.mineBlock.aether_legacy.aether_log":1,"stat.killEntity.Zombie":242,"stat.pickup.minecraft.snowball":619,"stat.craftItem.minecraft.dye":471,"stat.pickup.fm.obsidian_chestplate":1,"stat.mineBlock.minecraft.gold_ore":51,"stat.diveOneCm":79948,"stat.pickup.minecraft.wheat":4,"stat.craftItem.fm.powered_battle_scythe":1,"stat.drop.astralsorcery.itemcraftingcomponent":4,"stat.pickup.minecraft.obsidian":33,"stat.mineBlock.twilightforest.twilight_oak_planks":3,"stat.mineBlock.fm.silver_ore":1,"stat.pickup.aether_legacy.dungeon_block":14,"stat.craftItem.zawa.animal_net":2,"stat.jump":10368,"stat.useItem.minecraft.sand":9,"stat.pickup.minecraft.coal":228,"stat.pickup.minecraft.iron_ingot":69,"stat.pickup.minecraft.gunpowder":21,"stat.useItem.aether_legacy.white_apple":1,"stat.craftItem.minecraft.torch":256,"stat.pickup.minecraft.dirt":4361,"stat.pickup.evilcraft.dark_gem_crushed":57,"stat.pickup.aether_legacy.neptune_helmet":1,"stat.drop.minecraft.iron_shovel":1,"stat.drop.minecraft.dragon_egg":1,"stat.useItem.astralsorcery.blockblackmarble":81,"stat.pickup.aether_legacy.lore_book":1,"stat.useItem.minecraft.glass":216,"stat.pickup.minecraft.stone_shovel":2,"stat.pickup.rustic.log":1,"stat.useItem.minecraft.sapling":59,"stat.pickup.minecraft.gold_ore":51,"stat.mineBlock.minecraft.lapis_ore":10,"stat.drop.betternether.nether_cactus":3,"stat.brewingstandInteraction":1,"stat.damageTaken":21082,"stat.pickup.twilightforest.firefly":2,"stat.mineBlock.minecraft.torch":92,"stat.mineBlock.minecraft.red_flower":6,"stat.pickup.minecraft.written_book":3,"stat.mineBlock.minecraft.sapling":2,"stat.pickup.minecraft.magma_cream":2,"stat.craftItem.astralsorcery.itemcraftingcomponent":11,"stat.pickup.minecraft.ender_eye":9,"stat.mineBlock.astralsorcery.blocklens":16,"stat.craftItem.minecraft.glowstone":4,"stat.craftItem.aether_legacy.skyroot_plank":752,"stat.entityKilledBy.ZombieVillager":1,"stat.craftItem.evilcraft.effortless_ring":1,"stat.pickup.astralsorcery.blockcustomore":16,"stat.pickup.minecraft.bed":6,"stat.pickup.minecraft.potato":7,"stat.killEntity.Shulker":1,"stat.useItem.forge.bucketfilled":69,"stat.entityKilledBy.Zombie":2,"stat.pickup.minecraft.diamond_axe":1,"stat.mineBlock.aether_legacy.holystone":42,"stat.killEntity.Silverfish":10,"stat.pickup.minecraft.shulker_shell":1,"stat.pickup.evilcraft.dark_power_gem":4,"stat.useItem.minecraft.chest":30,"stat.pickup.minecraft.diamond_pickaxe":1,"stat.pickup.fm.lead_ore":12,"stat.craftItem.evilcraft.blood_infuser":1,"stat.useItem.minecraft.lava_bucket":1,"stat.craftItem.evilcraft.blood_chest":1,"stat.useItem.evilcraft.spikey_claws":32,"stat.pickup.aether_legacy.aechor_petal":12,"stat.useItem.tombstone.gift":4,"stat.pickup.mowziesmobs.barako_mask":1,"stat.mineBlock.astralsorcery.blockwell":1,"stat.pickup.aether_legacy.aether_log":191,"stat.craftItem.minecraft.iron_chestplate":1,"stat.craftItem.evilcraft.promise":8,"stat.pickup.minecraft.ender_pearl":43,"stat.pickup.tombstone.familiar_receptacle":2,"stat.pickup.minecraft.cooked_beef":6,"stat.useItem.minecraft.netherrack":65,"stat.killEntity.Stray":2,"stat.mineBlock.aether_legacy.aether_grass":3,"stat.killEntity.flying_cow":1,"stat.drop.minecraft.nether_brick":6,"stat.pickup.biomesoplenty.gem":2,"stat.craftItem.minecraft.bookshelf":7,"stat.pickup.aether_legacy.icestone":11,"stat.mineBlock.minecraft.stonebrick":1,"stat.killEntity.twilightforest.bighorn_sheep":1,"stat.mineBlock.minecraft.glowstone":27,"stat.craftItem.astralsorcery.blockinfusedwood":12,"stat.mobKills":576,"stat.pickup.minecraft.diamond_boots":4,"stat.mineBlock.minecraft.bookshelf":8,"stat.craftItem.minecraft.shears":1,"stat.drop.minecraft.written_book":4,"stat.useItem.comforts.rope":3,"stat.pickup.minecraft.diamond":23,"stat.pickup.minecraft.torch":230,"stat.mineBlock.astralsorcery.blockcustomsandore":13,"stat.pickup.astralsorcery.blockmarble":436,"stat.pickup.aether_legacy.purple_flower":2,"stat.pickup.evilcraft.werewolf_flesh":4,"stat.pickup.aether_legacy.zanite_gemstone":6,"stat.drop.zawa.thick_fur":3,"stat.drop.minecraft.mutton":2,"stat.useItem.minecraft.bookshelf":6,"stat.drop.rustic.grape_stem":2,"stat.craftItem.minecraft.iron_axe":3,"stat.craftItem.aether_legacy.incubator":1,"stat.mineBlock.twilightforest.twilight_plant":1,"stat.killEntity.Blaze":1,"stat.pickup.astralsorcery.itemconstellationpaper":3,"stat.pickup.minecraft.lapis_block":1,"stat.pickup.evilcraft.condensed_blood":58,"stat.drop.minecraft.shield":2,"stat.useItem.minecraft.mutton":3,"stat.pickup.evilcraft.environmental_accumulation_core":1,"stat.useItem.minecraft.planks":1288,"stat.pickup.minecraft.golden_boots":2,"stat.useItem.minecraft.nether_brick_stairs":2,"stat.pickup.minecraft.glowstone_dust":95,"stat.pickup.minecraft.glass":36,"stat.craftItem.evilcraft.blood_infusion_core":3,"stat.craftItem.astralsorcery.itemwand":1,"stat.useItem.minecraft.water_bucket":95,"stat.drop.travelersbackpack.travelers_backpack":1,"stat.pickup.minecraft.sand":596,"stat.pickup.astralsorcery.blockinfusedwood":21,"stat.entityKilledBy.Spider":1,"stat.mineBlock.rustic.beehive":2,"stat.pickup.aether_legacy.skyroot_plank":48,"stat.pickup.fm.copper_ore":24,"stat.pickup.minecraft.wooden_hoe":2,"stat.mineBlock.twilightforest.twilight_log":24,"stat.drop.fm.obsidian_sword":2,"stat.mineBlock.minecraft.snow_layer":252,"stat.mineBlock.aether_legacy.ambrosium_torch":1,"stat.useItem.minecraft.ender_pearl":17,"stat.useItem.aether_legacy.skyroot_stairs":28,"stat.pickup.minecraft.chainmail_chestplate":2,"stat.mineBlock.minecraft.sand":491,"stat.craftItem.fm.obsidian_spade":1,"stat.killEntity.twilightforest.kobold":2,"stat.pickup.elevatorid.elevator_white":5,"stat.craftItem.minecraft.wooden_hoe":1,"stat.craftItem.fm.uranium_ingot":28,"stat.craftItem.minecraft.blaze_powder":16,"stat.drop.astralsorcery.itemjournal":1,"stat.pickup.aether_legacy.agility_cape":1,"stat.drop.minecraft.diamond":1,"stat.killEntity.twilightforest.skeleton_druid":1,"stat.pickup.astralsorcery.itemjournal":3,"stat.drop.evilcraft.vengeance_pickaxe":2,"stat.trappedChestTriggered":2,"stat.useItem.fm.obsidian_spade":2337,"stat.useItem.minecraft.oak_stairs":92,"stat.pickup.zawa.thick_fur":3,"stat.pickup.minecraft.furnace":3,"stat.pickup.aether_legacy.zanite_sword":1,"stat.pickup.aether_legacy.golden_parachute":2,"stat.mineBlock.minecraft.end_bricks":2,"stat.pickup.aether_legacy.ambrosium_shard":79,"stat.mineBlock.aether_legacy.aether_leaves":2,"stat.pickup.fm.tin_ore":16,"stat.pickup.minecraft.iron_chestplate":8,"stat.pickup.minecraft.end_rod":2,"stat.pickup.minecraft.skull":2,"stat.pickup.tombstone.magic_scroll":23,"stat.useItem.aether_legacy.skyroot_plank":734,"stat.pickup.minecraft.golden_carrot":1,"stat.pickup.minecraft.saddle":2,"stat.craftItem.fm.obsidian_helmet":1,"stat.pickup.evilcraft.ender_tear":10,"stat.mineBlock.minecraft.soul_sand":8,"stat.useItem.tombstone.scroll_of_knowledge":6,"stat.mineBlock.minecraft.oak_stairs":12,"stat.playOneMinute":1477388,"stat.pickup.minecraft.blaze_rod":2,"stat.pickup.twilightforest.twilight_oak_planks":11,"stat.craftItem.minecraft.diamond_block":1,"stat.pickup.minecraft.diamond_block":1,"stat.drop.minecraft.chest":1,"stat.pickup.minecraft.iron_bars":2,"stat.craftItem.evilcraft.spikey_claws":1,"stat.drop.aether_legacy.neptune_gloves":1,"stat.pickup.fm.topaz":10,"stat.pickup.rustic.aloe_vera":2,"stat.pickup.minecraft.netherrack":203,"stat.pickup.minecraft.spruce_door":2,"stat.craftItem.fm.power_crystal":1,"stat.mineBlock.minecraft.netherrack":145,"stat.mineBlock.minecraft.ice":7,"stat.mineBlock.rustic.slate":32,"stat.drop.rustic.honeycomb":4,"stat.pickup.tombstone.tablet_of_cupidity":1,"stat.pickup.minecraft.cooked_chicken":5,"stat.fallOneCm":433838,"stat.craftItem.minecraft.chest":25,"stat.pickup.minecraft.golden_leggings":6,"stat.pickup.minecraft.melon":1,"stat.craftItem.astralsorcery.blockblackmarble":56,"stat.drop.minecraft.milk_bucket":1,"stat.mineBlock.minecraft.nether_wart_block":1,"stat.pickup.minecraft.milk_bucket":1,"stat.drop.betternether.barrel_cactus":1,"stat.pickup.betternether.barrel_cactus":1,"stat.pickup.minecraft.feather":12,"stat.pickup.minecraft.record_cat":1,"stat.useItem.minecraft.furnace":3,"stat.mineBlock.minecraft.spruce_fence":7,"stat.pickup.minecraft.iron_leggings":14,"stat.mineBlock.minecraft.gravel":80,"stat.useItem.minecraft.stone_pickaxe":101,"stat.pickup.fm.onyx":13,"stat.pickup.betternether.cincinnasite":2,"stat.mineBlock.rustic.aloe_vera":1,"stat.craftItem.minecraft.oak_stairs":84,"stat.pickup.minions.masterstaff":1,"stat.pickup.fm.obsidian_pickaxe":2,"stat.drop.minecraft.reeds":64,"stat.pickup.minecraft.chainmail_boots":1,"stat.pickup.minecraft.flint_and_steel":1,"stat.mineBlock.minecraft.monster_egg":3,"stat.useItem.minecraft.torch":348,"stat.pickup.rustic.bee":6,"stat.pickup.minecraft.golden_apple":2,"stat.pickup.mowziesmobs.ice_crystal":1,"stat.craftItem.minecraft.redstone_block":2,"stat.drop.rustic.planks":3,"stat.useItem.minecraft.log":70,"stat.pickup.minecraft.crafting_table":5,"stat.craftItem.minecraft.crafting_table":4,"stat.craftItem.evilcraft.dark_block":5,"stat.mineBlock.minecraft.emerald_ore":13,"stat.pickup.minecraft.redstone_block":4,"stat.pickup.aether_legacy.lightning_sword":1,"stat.pickup.minecraft.log":791,"stat.craftItem.twilightforest.twilight_oak_planks":44,"stat.pickup.astralsorcery.blockaltar":10,"stat.useItem.astralsorcery.blocklens":16,"stat.drop.minecraft.planks":135,"stat.pickup.minecraft.chainmail_leggings":4,"stat.pickup.minecraft.sapling":212,"stat.pickup.aether_legacy.dungeon_key":1,"stat.mineBlock.chisel.glass":6,"stat.drop.mowziesmobs.ice_crystal":1,"stat.entityKilledBy.Enderman":1,"stat.craftItem.astralsorcery.blockaltar":1,"stat.craftItem.fm.battle_scythe":1,"stat.drop.zawa.bird_meat":1,"stat.useItem.aether_legacy.lightning_sword":3,"stat.craftItem.minecraft.snow":85,"stat.pickup.minecraft.diamond_helmet":3,"stat.craftItem.minecraft.deadbush":5,"stat.killEntity.WitherSkeleton":17,"stat.pickup.minecraft.golden_sword":1,"stat.pickup.evilcraft.effortless_ring":2,"stat.useItem.aether_legacy.aether_dirt":2,"stat.drop.aether_legacy.aercloud":2,"stat.sneakTime":127482,"stat.pickup.rustic.chili_pepper_seeds":5,"stat.drop.minecraft.bucket":3,"stat.drop.aether_legacy.repulsion_shield":1,"stat.pickup.aether_legacy.zanite_ring":2,"stat.pickup.minecraft.yellow_flower":27,"stat.pickup.minecraft.chest":41,"stat.craftItem.minecraft.enchanting_table":1,"stat.drop.minecraft.stone_pickaxe":1,"stat.pickup.minecraft.bone":144,"stat.drop.minecraft.glowstone_dust":2,"stat.pickup.evilcraft.blood_extractor":2,"stat.pickup.fm.obsidian_spade":1,"stat.drop.aether_legacy.holystone":3,"stat.pickup.fm.mithril_ore":27,"stat.swimOneCm":183073,"stat.mineBlock.minecraft.diamond_block":1,"stat.pickup.fm.darkness_gem":2,"stat.climbOneCm":60788,"stat.killEntity.mimic":9,"stat.mineBlock.evilcraft.dark_ore":41,"stat.craftItem.minecraft.gold_block":1,"stat.pickup.chisel.marble":6,"stat.drop.aether_legacy.lightning_sword":1,"stat.useItem.minecraft.dirt":1246,"stat.pickup.minecraft.golden_helmet":1,"stat.pickup.zawa.bird_meat":1,"stat.useItem.minecraft.red_flower":4,"stat.pickup.zawa.carnivore_meat_raw":5,"stat.pickup.minecraft.enchanting_table":3,"stat.useItem.minecraft.iron_ore":19,"stat.craftItem.minecraft.trapdoor":4,"stat.pickup.minecraft.cobblestone":7076,"stat.pickup.aether_legacy.mossy_holystone":6,"stat.pickup.minecraft.gold_block":1,"stat.mineBlock.minecraft.redstone_block":2,"stat.useItem.minecraft.stone_shovel":129,"stat.mineBlock.chisel.limestone2":9,"stat.pickup.minecraft.soul_sand":7,"stat.drop.minecraft.wheat_seeds":1,"stat.pickup.minecraft.cactus":8,"stat.pickup.aether_legacy.moa_egg":4,"stat.pickup.minecraft.dragon_egg":2,"stat.pickup.minecraft.redstone":250,"stat.mineBlock.minecraft.iron_ore":179,"stat.craftItem.minecraft.book":4,"stat.mineBlock.astralsorcery.blockaltar":10,"stat.drop.minecraft.log":14,"stat.drop.rustic.chili_pepper_seeds":2,"stat.pickup.minecraft.mutton":2,"stat.drop.minecraft.coal":3,"stat.mineBlock.minecraft.coal_block":2,"stat.pickup.comforts.hammock":1,"stat.pickup.minecraft.stonebrick":1,"stat.pickup.minecraft.iron_shovel":4,"stat.drop.evilcraft.dark_gem":11,"stat.pickup.minecraft.diamond_shovel":1,"stat.mineBlock.minecraft.nether_brick":49,"stat.pickup.aether_legacy.swetty_ball":11,"stat.drop.astralsorcery.itemwand":1,"stat.useItem.astralsorcery.blockmarble":299,"stat.mineBlock.betternether.agave":1,"stat.craftItem.minecraft.stone_slab2":0,"stat.drop.aether_legacy.agility_cape":1,"stat.useItem.minecraft.spruce_fence":6,"stat.pickup.minecraft.paper":9,"stat.drop.rustic.tomato_seeds":3,"stat.craftItem.minecraft.stick":116,"stat.drop.fm.uranium_pickaxe":1,"stat.pickup.twilightforest.charm_of_keeping_1":1,"stat.pickup.minecraft.grass":1,"stat.mineBlock.minecraft.crafting_table":4,"stat.mineBlock.fm.mithril_ore":25,"stat.useItem.minecraft.carrot":408,"stat.killEntity.Endermite":1,"stat.useItem.minecraft.ender_eye":30,"stat.pickup.minecraft.diamond_chestplate":6,"stat.mineBlock.minecraft.planks":76,"stat.drop":212,"stat.drop.aether_legacy.dart":1,"stat.pickup.minecraft.slime_ball":3,"stat.drop.minecraft.iron_boots":2,"stat.killEntity.aechor_plant":7,"stat.drop.minecraft.redstone_block":1,"stat.pickup.minecraft.golden_chestplate":2,"stat.mineBlock.astralsorcery.blockcelestialcrystals":1,"stat.mineBlock.astralsorcery.blockmachine":1,"stat.mineBlock.aether_legacy.skyroot_stairs":15,"stat.drop.minecraft.nether_wart":1,"stat.pickup.rustic.wildberry_bush":28,"stat.pickup.minecraft.gravel":383,"stat.mineBlock.fm.joy_ore":2,"stat.pickup.minecraft.purpur_stairs":1,"stat.mineBlock.minecraft.deadbush":1,"stat.drop.minecraft.chainmail_helmet":1,"stat.craftItem.comforts.hammock":1,"stat.craftItem.comforts.rope":2,"stat.pickup.twilightforest.torchberries":8,"stat.useItem.minecraft.potion":1,"stat.pickup.astralsorcery.itemrockcrystalsimple":25,"stat.pickup.minecraft.diamond_sword":1,"stat.useItem.minecraft.wooden_hoe":43,"stat.pickup.minecraft.iron_helmet":10,"stat.useItem.minecraft.stone_axe":23,"stat.mineBlock.astralsorcery.blockstarlightinfuser":4,"stat.drop.evilcraft.blood_extractor":2,"stat.pickup.minecraft.spider_eye":24,"stat.craftItem.minecraft.iron_helmet":2,"stat.pickup.zawa.pyropia":1,"stat.pickup.minecraft.iron_ore":287,"stat.pickup.minecraft.snow":85,"stat.mineBlock.mca.rose_gold_ore":4,"stat.boatOneCm":64071,"stat.mineBlock.minecraft.iron_bars":1,"stat.craftItem.minecraft.flint_and_steel":1,"stat.pickup.aether_legacy.skyroot_bucket":4,"stat.pickup.rustic.tomato_seeds":8,"stat.mineBlock.minecraft.leaves2":6,"stat.pickup.minecraft.leather":4,"stat.pickup.fm.silver_ore":9,"stat.mineBlock.minecraft.furnace":3,"stat.dispenserInspected":1,"stat.pickup.evilcraft.dark_gem":148,"stat.pickup.betternether.nether_cactus":8,"stat.pickup.minecraft.reeds":103,"stat.pickup.astralsorcery.itemlinkingtool":1,"stat.drop.aether_legacy.zanite_ring":1,"tombstone:undead_killed":379,"stat.mineBlock.aether_legacy.skyroot_sapling":1,"stat.pickup.minecraft.oak_stairs":22,"stat.damageDealt":118167,"stat.craftItem.minecraft.glass":317,"stat.pickup.betternether.agave":2,"stat.sleepInBed":37,"stat.pickup.twilightforest.twilight_log":28,"stat.craftItem.minecraft.anvil":1,"stat.mineBlock.minecraft.nether_brick_stairs":7,"stat.pickup.minecraft.end_bricks":2,"stat.pickup.aether_legacy.victory_medal":10,"stat.pickup.fm.insanity_ore":26,"stat.walkOneCm":3925322,"stat.pickup.evilcraft.undead_log":11,"stat.pickup.minecraft.stick":6,"stat.mineBlock.chisel.basalt2":11,"stat.craftItem.minecraft.diamond_boots":1,"stat.useItem.fm.obsidian_sword":1915,"stat.mineBlock.aether_legacy.golden_oak_sapling":3,"stat.pickup.minecraft.stone":1117,"stat.mineBlock.minecraft.wool":1,"stat.pickup.comforts.rope":5,"stat.craftItem.fm.obsidian_chestplate":2,"stat.useItem.evilcraft.vengeance_pickaxe":681,"stat.pickup.minecraft.chorus_fruit":24,"stat.pickup.minecraft.gold_ingot":19,"stat.killEntity.Skeleton":88,"stat.pickup.fm.amethyst":5,"stat.drop.evilcraft.blood_pearl_of_teleportation":1,"stat.killEntity.Spider":37,"stat.pickup.minecraft.bread":6,"stat.mineBlock.minecraft.quartz_ore":3,"stat.pickup.astralsorcery.itemcraftingcomponent":77,"stat.craftItem.minecraft.spruce_fence":6,"stat.pickup.fm.uranium_ingot":9,"stat.pickup.minecraft.quartz":2,"stat.entityKilledBy.Husk":1,"stat.pickup.minecraft.water_bucket":1,"stat.mineBlock.minecraft.leaves":95,"stat.mineBlock.minecraft.redstone_ore":37,"stat.drop.zawa.reptile_hide":3,"stat.pickup.minecraft.elytra":2,"stat.mineBlock.minecraft.bone_block":30,"stat.mineBlock.astralsorcery.blockstructural":2,"stat.mineBlock.minecraft.stone":2287,"stat.useItem.minecraft.sandstone":17,"stat.pickup.astralsorcery.itemwand":1}