{"stat.cakeSlicesEaten":3,"stat.chestOpened":4,"stat.pickup.minecraft.sand":1,"stat.walkOneCm":58114,"stat.pickup.minecraft.brewing_stand":1,"stat.leaveGame":2,"stat.damageTaken":131,"stat.useItem.minecraft.cobblestone":3,"stat.pickup.astralsorcery.itemcraftingcomponent":5,"stat.mineBlock.minecraft.glowstone":1,"stat.pickup.minecraft.cobblestone":4,"stat.pickup.minecraft.planks":1,"stat.drop.minecraft.written_book":1,"stat.flyOneCm":5504,"stat.pickup.minecraft.bed":1,"stat.mineBlock.minecraft.planks":1,"stat.pickup.minecraft.wheat_seeds":1,"stat.drop":4,"stat.drop.minecraft.leather_leggings":1,"stat.jump":101,"stat.mineBlock.minecraft.leaves":12,"stat.mineBlock.minecraft.sand":1,"stat.swimOneCm":2098,"stat.playOneMinute":11434,"stat.fallOneCm":1140,"stat.drop.minecraft.wheat_seeds":1,"stat.useItem.minecraft.stone_pickaxe":5,"stat.sneakTime":1318,"stat.pickup.minecraft.glowstone_dust":3,"stat.mineBlock.astralsorcery.blockcustomsandore":2,"stat.crouchOneCm":5915,"stat.timeSinceDeath":11434,"stat.pickup.zawa.care_guide":1,"stat.useItem.minecraft.written_book":1,"stat.sprintOneCm":3599,"stat.useItem.minecraft.stone_slab2":2,"stat.mineBlock.minecraft.stone":4,"stat.diveOneCm":2538,"stat.drop.minecraft.iron_sword":1,"stat.craftingTableInteraction":1}