{"stat.cakeSlicesEaten":8,"stat.chestOpened":10,"stat.walkOneCm":282157,"stat.pickup.minecraft.brewing_stand":1,"stat.pickup.rustic.bee":3,"stat.useItem.minecraft.torch":3,"stat.pickup.minecraft.bone":2,"stat.useItem.minecraft.bread":2,"stat.leaveGame":2,"stat.pickup.minecraft.arrow":6,"stat.mineBlock.minecraft.cobblestone":1,"stat.useItem.minecraft.cobblestone":5,"stat.furnaceInteraction":1,"stat.mineBlock.minecraft.coal_ore":33,"stat.pickup.minecraft.flower_pot":3,"stat.talkedToVillager":8,"stat.pickup.evilcraft.condensed_blood":29,"stat.mineBlock.minecraft.sandstone":2,"stat.drop.rustic.honeycomb":4,"stat.jump":691,"stat.swimOneCm":30978,"stat.useItem.minecraft.sand":7,"stat.pickup.minecraft.coal":33,"stat.fallOneCm":13368,"stat.climbOneCm":1594,"stat.pickup.minecraft.glowstone_dust":6,"stat.pickup.minecraft.carrot":24,"stat.crouchOneCm":25873,"stat.mineBlock.minecraft.chest":1,"stat.useItem.minecraft.written_book":1,"stat.craftItem.minecraft.torch":4,"stat.pickup.minecraft.sapling":1,"stat.sprintOneCm":53275,"stat.useItem.minecraft.stone_slab2":6,"stat.pickup.zawa.bird_meat":1,"stat.drop.minecraft.iron_sword":1,"stat.craftingTableInteraction":2,"stat.pickup.minecraft.bone_block":29,"stat.pickup.minecraft.sand":24,"stat.killEntity.Skeleton":1,"stat.mineBlock.rustic.beehive":2,"stat.useItem.minecraft.iron_sword":47,"stat.drop.zawa.bird_meat":1,"stat.mineBlock.minecraft.leaves2":6,"stat.damageTaken":430,"stat.mineBlock.astralsorcery.blockmarble":4,"stat.pickup.astralsorcery.itemcraftingcomponent":5,"stat.mineBlock.minecraft.glowstone":1,"stat.useItem.minecraft.carrot":11,"stat.pickup.minecraft.cobblestone":8,"stat.mobKills":7,"stat.pickup.minecraft.book":24,"stat.mineBlock.minecraft.bookshelf":8,"stat.pickup.minecraft.planks":1,"stat.useItem.tombstone.scroll_of_knowledge":6,"stat.useItem.minecraft.stone_shovel":16,"stat.pickup.minecraft.reeds":3,"stat.drop.minecraft.written_book":1,"stat.flyOneCm":47918,"stat.pickup.minecraft.bed":2,"stat.mineBlock.minecraft.planks":1,"stat.pickup.minecraft.sandstone":16,"tombstone:undead_killed":2,"stat.pickup.rustic.honeycomb":4,"stat.pickup.minecraft.wheat_seeds":1,"stat.drop":12,"stat.drop.minecraft.leather_leggings":1,"stat.mineBlock.minecraft.sand":17,"stat.mineBlock.minecraft.leaves":23,"stat.playOneMinute":60034,"stat.drop.minecraft.wheat_seeds":1,"stat.drop.minecraft.sand":15,"stat.useItem.minecraft.stone_pickaxe":78,"stat.pickup.fm.l_essence_of_greed":6,"stat.pickup.minecraft.cactus":1,"stat.sneakTime":6869,"stat.pickup.rustic.chili_pepper_seeds":1,"stat.mineBlock.astralsorcery.blockcustomsandore":2,"stat.damageDealt":1530,"stat.mineBlock.minecraft.bone_block":30,"stat.killEntity.Zombie":1,"stat.sleepInBed":1,"stat.pickup.zawa.care_guide":1,"stat.timeSinceDeath":60034,"stat.pickup.tombstone.scroll_of_knowledge":1,"stat.drop.minecraft.chest":1,"stat.mineBlock.rustic.aloe_vera":1,"stat.mineBlock.minecraft.dirt":4,"stat.mineBlock.minecraft.stone":7,"stat.diveOneCm":9023,"stat.drop.rustic.chili_pepper_seeds":1,"stat.pickup.minecraft.chest":1,"stat.useItem.minecraft.sandstone":3}