{"stat.cakeSlicesEaten":8,"stat.chestOpened":6,"stat.walkOneCm":120750,"stat.pickup.minecraft.brewing_stand":1,"stat.pickup.rustic.bee":1,"stat.leaveGame":2,"stat.useItem.minecraft.cobblestone":3,"stat.furnaceInteraction":1,"stat.mineBlock.minecraft.coal_ore":32,"stat.pickup.minecraft.flower_pot":3,"stat.jump":269,"stat.swimOneCm":2664,"stat.useItem.minecraft.sand":7,"stat.pickup.minecraft.coal":31,"stat.fallOneCm":5443,"stat.pickup.minecraft.glowstone_dust":6,"stat.crouchOneCm":16679,"stat.mineBlock.minecraft.chest":1,"stat.useItem.minecraft.written_book":1,"stat.pickup.minecraft.sapling":1,"stat.sprintOneCm":10535,"stat.useItem.minecraft.stone_slab2":5,"stat.drop.minecraft.iron_sword":1,"stat.craftingTableInteraction":2,"stat.pickup.minecraft.sand":9,"stat.mineBlock.rustic.beehive":1,"stat.useItem.minecraft.iron_sword":4,"stat.mineBlock.minecraft.leaves2":6,"stat.damageTaken":221,"stat.pickup.astralsorcery.itemcraftingcomponent":5,"stat.mineBlock.minecraft.glowstone":1,"stat.pickup.minecraft.cobblestone":7,"stat.mobKills":1,"stat.pickup.minecraft.book":3,"stat.mineBlock.minecraft.bookshelf":1,"stat.pickup.minecraft.planks":1,"stat.useItem.minecraft.stone_shovel":16,"stat.pickup.minecraft.reeds":3,"stat.drop.minecraft.written_book":1,"stat.flyOneCm":11619,"stat.pickup.minecraft.bed":2,"stat.mineBlock.minecraft.planks":1,"tombstone:undead_killed":1,"stat.pickup.minecraft.wheat_seeds":1,"stat.drop":4,"stat.drop.minecraft.leather_leggings":1,"stat.mineBlock.minecraft.sand":17,"stat.mineBlock.minecraft.leaves":15,"stat.playOneMinute":24034,"stat.drop.minecraft.wheat_seeds":1,"stat.useItem.minecraft.stone_pickaxe":40,"stat.pickup.fm.l_essence_of_greed":1,"stat.pickup.minecraft.cactus":1,"stat.sneakTime":3816,"stat.mineBlock.astralsorcery.blockcustomsandore":2,"stat.damageDealt":214,"stat.killEntity.Zombie":1,"stat.sleepInBed":1,"stat.pickup.zawa.care_guide":1,"stat.timeSinceDeath":24034,"stat.mineBlock.minecraft.stone":7,"stat.diveOneCm":3141,"stat.pickup.minecraft.chest":1}