{"stat.cakeSlicesEaten":8,"stat.chestOpened":14,"stat.drop.minecraft.stone_pickaxe":1,"stat.pickup.minecraft.bone":2,"stat.leaveGame":2,"stat.pickup.minecraft.arrow":6,"stat.mineBlock.minecraft.cobblestone":2,"stat.pickup.minecraft.stone_pickaxe":1,"stat.drop.fm.l_essence_of_greed":2,"stat.pickup.minecraft.flower_pot":3,"stat.pickup.evilcraft.condensed_blood":29,"stat.mineBlock.minecraft.sandstone":2,"stat.drop.rustic.honeycomb":4,"stat.jump":1039,"stat.swimOneCm":31297,"stat.useItem.minecraft.sand":7,"stat.pickup.minecraft.coal":33,"stat.fallOneCm":22727,"stat.climbOneCm":1594,"stat.pickup.minecraft.glowstone_dust":6,"stat.pickup.minecraft.carrot":34,"stat.crouchOneCm":37268,"stat.mineBlock.minecraft.chest":1,"stat.craftItem.minecraft.torch":4,"stat.pickup.minecraft.dirt":52,"stat.useItem.minecraft.dirt":50,"stat.useItem.minecraft.stone_slab2":10,"stat.pickup.zawa.bird_meat":1,"stat.drop.minecraft.iron_sword":1,"stat.craftingTableInteraction":2,"stat.pickup.minecraft.iron_ore":18,"stat.pickup.minecraft.rotten_flesh":3,"stat.pickup.minecraft.sand":24,"stat.mineBlock.rustic.beehive":2,"stat.mineBlock.minecraft.leaves2":6,"stat.damageTaken":954,"stat.killEntity.Enderman":2,"stat.pickup.minecraft.cobblestone":8,"stat.pickup.minecraft.planks":1,"stat.useItem.minecraft.stone_shovel":75,"stat.pickup.minecraft.reeds":3,"stat.flyOneCm":66697,"stat.pickup.minecraft.bed":2,"stat.pickup.minecraft.sandstone":16,"stat.mineBlock.minecraft.snow_layer":2,"tombstone:undead_killed":4,"stat.pickup.rustic.honeycomb":4,"stat.pickup.minecraft.wheat_seeds":1,"stat.mineBlock.minecraft.sand":17,"stat.drop.minecraft.wheat_seeds":1,"stat.drop.minecraft.sand":15,"stat.useItem.minecraft.stone_pickaxe":101,"stat.pickup.fm.l_essence_of_greed":11,"stat.pickup.minecraft.cactus":1,"stat.damageDealt":2244,"stat.mineBlock.minecraft.iron_ore":21,"stat.sleepInBed":1,"stat.pickup.tombstone.scroll_of_knowledge":1,"stat.timeSinceDeath":17705,"stat.mineBlock.rustic.aloe_vera":1,"stat.mineBlock.minecraft.dirt":66,"stat.drop.rustic.chili_pepper_seeds":1,"stat.walkOneCm":381479,"stat.useItem.minecraft.torch":3,"stat.pickup.rustic.bee":3,"stat.pickup.minecraft.brewing_stand":1,"stat.useItem.minecraft.bread":2,"stat.pickup.minecraft.golden_apple":1,"stat.drop.minecraft.rotten_flesh":3,"stat.useItem.minecraft.cobblestone":5,"stat.furnaceInteraction":2,"stat.mineBlock.minecraft.coal_ore":33,"stat.talkedToVillager":17,"stat.pickup.minecraft.string":2,"stat.useItem.tombstone.gift":1,"stat.pickup.tombstone.crafting_ingredient":2,"stat.useItem.minecraft.written_book":1,"stat.pickup.minecraft.sapling":1,"stat.sprintOneCm":72094,"stat.entityKilledBy.Enderman":1,"stat.pickup.minecraft.bone_block":29,"stat.killEntity.Skeleton":1,"stat.useItem.minecraft.iron_sword":82,"stat.drop.zawa.bird_meat":1,"stat.useItem.minecraft.snowball":5,"stat.killEntity.Spider":1,"stat.mineBlock.astralsorcery.blockmarble":4,"stat.pickup.astralsorcery.itemcraftingcomponent":5,"stat.mineBlock.minecraft.glowstone":1,"stat.useItem.minecraft.carrot":21,"stat.mobKills":8,"stat.pickup.minecraft.book":24,"stat.mineBlock.minecraft.bookshelf":8,"stat.useItem.tombstone.scroll_of_knowledge":6,"stat.drop.minecraft.written_book":1,"stat.mineBlock.minecraft.planks":1,"stat.deaths":1,"stat.drop":18,"stat.drop.minecraft.leather_leggings":1,"stat.mineBlock.minecraft.leaves":33,"stat.playOneMinute":85234,"stat.pickup.minecraft.red_flower":1,"stat.sneakTime":9189,"stat.pickup.rustic.chili_pepper_seeds":1,"stat.mineBlock.astralsorcery.blockcustomsandore":2,"stat.mineBlock.minecraft.bone_block":30,"stat.pickup.evilcraft.werewolf_flesh":2,"stat.killEntity.Zombie":3,"stat.pickup.zawa.care_guide":1,"stat.drop.minecraft.chest":1,"stat.pickup.minecraft.snowball":5,"stat.pickup.minecraft.yellow_flower":2,"stat.mineBlock.minecraft.stone":7,"stat.diveOneCm":9023,"stat.pickup.minecraft.chest":1,"stat.useItem.minecraft.sandstone":15}