{"stat.craftItem.harvestcraft.cherry_sapling":1,"stat.pickup.harvestcraft.pistachioitem":4,"stat.pickup.harvestcraft.huckleberryitem":7,"stat.useItem.zawa.bird_meat_cooked":3,"stat.pickup.harvestcraft.shadedgarden":6,"stat.mineBlock.minecraft.stained_glass":1,"stat.mineBlock.minecraft.web":41,"stat.pickup.fm.aluminum_ingot":28,"stat.pickup.harvestcraft.seaweeditem":1,"stat.pickup.minecraft.rotten_flesh":50,"stat.craftItem.minecraft.stone_axe":1,"stat.drop.minecraft.leather_boots":1,"stat.craftItem.betternether.cincinnasite_forged":2,"stat.pickup.minecraft.bucket":1,"stat.craftItem.fm.silver_ingot":11,"stat.killEntity.Enderman":4,"stat.pickup.zawa.reptile_hide":2,"stat.pickup.minecraft.record_ward":1,"stat.pickup.minecraft.brown_mushroom":11,"stat.pickup.harvestcraft.scallionitem":1,"stat.useItem.zawa.carnivore_meat_cooked":1,"stat.pickup.minecraft.stained_hardened_clay":1,"stat.mineBlock.fm.amethyst_ore":4,"stat.useItem.zawa.bird_meat":1,"stat.drop.futuremc.dye":1,"stat.furnaceInteraction":126,"stat.pickup.harvestcraft.cornitem":17,"stat.craftItem.fm.obsidian_leggings":1,"stat.pickup.zawa.large_meat_raw":7,"stat.pickup.betternether.eye_seed":2,"stat.pickup.harvestcraft.brusselsproutitem":2,"stat.pickup.fm.obsidian_leggings":2,"stat.pickup.minecraft.hay_block":38,"stat.craftItem.futuremc.dye":1,"stat.drop.minecraft.furnace":2,"stat.pickup.mca.rose_gold_ore":14,"stat.mineBlock.harvestcraft.tropicalgarden":14,"stat.pickup.betternether.gray_mold":1,"stat.useItem.minecraft.flint_and_steel":2,"stat.mineBlock.minecraft.fence":1,"stat.craftItem.harvestcraft.vinegaritem":2,"stat.drop.minecraft.cooked_fish":2,"stat.killEntity.Husk":4,"stat.deaths":1,"stat.pickup.mowziesmobs.barakoa_mask_fury":10,"stat.pickup.zawa.fur":2,"stat.craftItem.minecraft.item_frame":3,"stat.chestOpened":1306,"stat.useItem.fm.lead_pickaxe":795,"stat.pickup.minecraft.iron_sword":4,"stat.craftItem.minecraft.coal":99,"stat.pickup.zoocraftdiscoveries.seed_mint":15,"stat.pickup.minecraft.carrot":173,"stat.craftItem.futuremc.acacia_trapdoor":4,"stat.crouchOneCm":546188,"stat.pickup.zawa.tortoise_shell":2,"stat.craftItem.minecraft.iron_ingot":125,"stat.craftingTableInteraction":123,"stat.pickup.zawa.raw_cichlid":1,"stat.mineBlock.minecraft.log2":113,"stat.pickup.minecraft.wooden_pickaxe":2,"stat.useItem.futuremc.sweet_berries":373,"stat.pickup.harvestcraft.guavaitem":5,"stat.pickup.fm.copper_chestplate":2,"stat.pickup.minecraft.dye":268,"stat.pickup.minecraft.planks":204,"stat.useItem.harvestcraft.rutabagaitem":1,"stat.drop.fm.sword_of_hell":1,"stat.pickup.harvestcraft.royaljellyitem":2,"stat.pickup.zawa.bush_meat_raw":10,"stat.useItem.mowziesmobs.wrought_axe":37,"stat.drop.minecraft.rotten_flesh":1,"stat.drop.betternether.agave":1,"stat.pickup.harvestcraft.peasitem":2,"stat.pickup.harvestcraft.eelrawitem":1,"stat.pickup.harvestcraft.pecanitem":2,"stat.drop.fm.lead_sword":1,"stat.drop.betternether.gray_mold":1,"stat.pickup.harvestcraft.aridgarden":2,"stat.craftItem.minecraft.bucket":1,"stat.craftItem.minecraft.planks":484,"stat.useItem.minecraft.iron_sword":126,"stat.pickup.futuremc.cornflower":1,"stat.drop.futuremc.cornflower":1,"stat.pickup.harvestcraft.kiwiitem":3,"stat.craftItem.minecraft.fishing_rod":1,"stat.useItem.harvestcraft.raspberryitem":2,"stat.useItem.minecraft.stonebrick":1,"stat.pickup.minecraft.book":90,"stat.useItem.harvestcraft.elderberryitem":4,"stat.mineBlock.betternether.cincinnasite_bricks":10,"stat.pickup.minecraft.cooked_fish":2,"stat.pickup.zoocraftdiscoveries.seed_bay":11,"stat.killEntity.zoocraftdiscoveries.rhino":1,"stat.useItem.futuremc.acacia_trapdoor":4,"stat.mineBlock.minecraft.cobblestone":209,"stat.pickup.minecraft.stone_pickaxe":3,"stat.pickup.minecraft.flint":8,"stat.pickup.minecraft.leather_chestplate":1,"stat.mineBlock.fm.cyanite_ore":14,"stat.useItem.harvestcraft.tropicalgarden":1,"stat.drop.minecraft.cobblestone":14,"stat.pickup.minecraft.cooked_porkchop":1,"stat.pickup.fm.copper_leggings":4,"stat.useItem.minecraft.stone_slab2":344,"stat.pickup.fm.aluminum_ore":6,"stat.pickup.minecraft.stone_hoe":1,"stat.craftItem.minecraft.furnace":2,"stat.useItem.harvestcraft.grapeitem":42,"stat.pickup.harvestcraft.limeitem":3,"stat.mineBlock.minecraft.clay":16,"stat.pickup.fm.cyanite":16,"stat.useItem.minecraft.wooden_slab":68,"stat.craftItem.minecraft.iron_block":3,"stat.craftItem.minecraft.stonebrick":32,"stat.killEntity.Creeper":9,"stat.mineBlock.zawa.kelp":1,"stat.entityKilledBy.Skeleton":1,"stat.pickup.zawa.reptile_meat_raw":2,"stat.sprintOneCm":2332266,"stat.useItem.fm.lead_sword":186,"stat.pickup.betternether.lucis_spore":18,"stat.craftItem.harvestcraft.grinder":1,"stat.pickup.fm.silver_ingot":25,"stat.pickup.mowziesmobs.barakoa_mask_fear":11,"stat.drop.fm.powered_battle_scythe":5,"stat.pickup.zoocraftdiscoveries.seed_rosemary":13,"stat.pickup.harvestcraft.mustardseedsitem":26,"stat.pickup.mca.engagement_ring_rg":2,"stat.pickup.harvestcraft.flaxitem":25,"stat.killEntity.Zombie":55,"stat.pickup.fm.obsidian_chestplate":2,"stat.craftItem.minecraft.dye":195,"stat.mineBlock.minecraft.gold_ore":6,"stat.drop.harvestcraft.ploughmanslunchitem":1,"stat.pickup.minecraft.wheat":117,"stat.mineBlock.minecraft.mossy_cobblestone":1,"stat.pickup.fm.joy_shard":4,"stat.pickup.zoocraftdiscoveries.seed_tarragon":12,"stat.pickup.harvestcraft.passionfruititem":4,"stat.craftItem.minecraft.cooked_porkchop":2,"stat.useItem.fm.laser_sword":10,"stat.pickup.harvestcraft.mangoitem":6,"stat.pickup.harvestcraft.figitem":5,"stat.drop.hammer.ironhammer":2,"stat.pickup.minecraft.obsidian":74,"stat.mineBlock.betternether.cincinnasite_bricks_pillar":7,"stat.pickup.harvestcraft.ryeitem":4,"stat.pickup.betternether.black_bush":6,"stat.pickup.harvestcraft.bananaitem":3,"stat.pickup.minecraft.coal":154,"stat.pickup.minecraft.iron_ingot":66,"stat.craftItem.fm.lead_helmet":1,"stat.pickup.minecraft.gunpowder":23,"stat.pickup.minecraft.dirt":9325,"stat.mineBlock.fm.lead_ore":30,"stat.pickup.minecraft.cookie":2,"stat.useItem.minecraft.stone_brick_stairs":54,"stat.pickup.minecraft.written_book":12,"stat.mineBlock.minecraft.torch":40,"stat.mineBlock.minecraft.red_flower":8,"stat.pickup.harvestcraft.pawpawitem":3,"stat.useItem.minecraft.acacia_door":2,"stat.pickup.minecraft.magma_cream":3,"stat.pickup.betternether.cincinnasite_bricks":9,"stat.pickup.zoocraftdiscoveries.seed_saffron":8,"stat.craftItem.fm.copper_chestplate":1,"stat.drop.zoocraftdiscoveries.seed_lemongrass":4,"stat.craftItem.harvestcraft.veggiebaititem":44,"stat.useItem.harvestcraft.onionitem":47,"stat.drop.minecraft.wheat":67,"stat.pickup.fm.tin_ingot":78,"stat.craftItem.fm.copper_leggings":1,"stat.craftItem.minecraft.wheat":333,"stat.craftItem.fm.lead_spade":1,"stat.pickup.mowziesmobs.barako_mask":1,"stat.pickup.harvestcraft.spiceleafitem":1,"stat.pickup.fm.lead_spade":3,"stat.pickup.zoocraftdiscoveries.seed_thyme":14,"stat.mobKills":267,"stat.mineBlock.minecraft.bookshelf":7,"stat.drop.futuremc.acacia_trapdoor":1,"stat.drop.minecraft.written_book":14,"stat.useItem.minecraft.boat":3,"stat.pickup.minecraft.diamond":28,"stat.pickup.minecraft.beetroot_seeds":25,"stat.pickup.harvestcraft.raspberryitem":2,"stat.useItem.harvestcraft.kohlrabiitem":1,"stat.pickup.harvestcraft.beetitem":3,"stat.useItem.minecraft.string":3,"stat.drop.harvestcraft.potitem":1,"stat.useItem.harvestcraft.papayajuiceitem":1,"stat.mineBlock.harvestcraft.watertrap":1,"stat.drop.minecraft.shield":1,"stat.pickup.harvestcraft.taroitem":6,"stat.pickup.minecraft.glowstone_dust":118,"stat.mineBlock.minecraft.red_mushroom":1,"stat.mineBlock.minecraft.stone_brick_stairs":12,"stat.pickup.harvestcraft.lemonitem":3,"stat.craftItem.harvestcraft.apricot_sapling":1,"stat.drop.mowziesmobs.wrought_axe":1,"stat.useItem.betternether.cincinnasite_brick_plate":2,"stat.pickup.fm.copper_ore":26,"stat.pickup.minecraft.wooden_hoe":1,"stat.mineBlock.minecraft.snow_layer":25,"stat.pickup.minecraft.chainmail_chestplate":5,"stat.pickup.mowziesmobs.barakoa_mask_misery":6,"stat.mineBlock.minecraft.sand":173,"stat.pickup.zoocraftdiscoveries.seed_chive":7,"stat.craftItem.minecraft.wooden_hoe":4,"stat.useItem.hammer.stonehammer":48,"stat.pickup.wolfarmor.iron_wolf_armor":1,"stat.mineBlock.futuremc.cornflower":1,"stat.craftItem.zawa.kibble":1,"stat.mineBlock.harvestcraft.windygarden":254,"stat.pickup.fm.laser_sword":3,"stat.pickup.harvestcraft.sesameseedsitem":4,"stat.pickup.minecraft.stone_stairs":13,"stat.pickup.fm.lead_pickaxe":2,"stat.mineBlock.harvestcraft.pamapricot":1,"stat.pickup.minecraft.saddle":2,"stat.pickup.harvestcraft.pomegranateitem":6,"stat.craftItem.fm.obsidian_pickaxe":1,"stat.drop.minecraft.chest":4,"stat.pickup.minecraft.netherrack":308,"stat.pickup.fm.sapphire":6,"stat.pickup.harvestcraft.cottonitem":3,"stat.pickup.harvestcraft.kaleitem":1,"stat.useItem.harvestcraft.coconutitem":1,"stat.craftItem.fm.power_crystal":11,"stat.recordPlayed":2,"stat.pickup.harvestcraft.kenafitem":3,"stat.craftItem.fm.copper_ingot":39,"stat.mineBlock.minecraft.ice":1,"stat.pickup.fm.lead_helmet":2,"stat.pickup.harvestcraft.vanillabeanitem":6,"stat.drop.minecraft.stone":161,"stat.pickup.harvestcraft.caulifloweritem":3,"stat.pickup.minecraft.melon":28,"stat.craftItem.harvestcraft.banana_sapling":1,"stat.pickup.fm.orb_of_joy":1,"stat.craftItem.fm.lead_pickaxe":2,"stat.useItem.minecraft.furnace":4,"stat.craftItem.harvestcraft.sweetpickleitem":2,"stat.pickup.harvestcraft.greenheartfishitem":1,"stat.pickup.fm.obsidian_axe":1,"stat.useItem.harvestcraft.zombiejerkyitem":2,"stat.pickup.harvestcraft.oliveitem":6,"stat.mineBlock.minecraft.gravel":131,"stat.pickup.fm.onyx":12,"stat.pickup.minecraft.flint_and_steel":1,"stat.useItem.minecraft.torch":164,"stat.craftItem.minecraft.stone_stairs":20,"stat.pickup.minecraft.crafting_table":2,"stat.useItem.minecraft.log":18,"stat.craftItem.minecraft.crafting_table":1,"stat.craftItem.harvestcraft.coconut_sapling":1,"stat.craftItem.minecraft.boat":1,"stat.mineBlock.fm.aluminum_ore":4,"stat.killEntity.zoocraftdiscoveries.frog":27,"stat.useItem.minecraft.cooked_fish":2,"stat.craftItem.harvestcraft.bakewareitem":1,"stat.drop.minecraft.planks":25,"stat.pickup.zawa.bellflowers":2,"stat.pickup.minecraft.sapling":63,"stat.craftItem.fm.battle_scythe":3,"stat.pickup.minecraft.beetroot":9,"stat.pickup.harvestcraft.parsnipitem":27,"stat.useItem.zawa.large_meat_raw":4,"stat.pickup.harvestcraft.juteitem":1,"stat.pickup.betternether.nether_mycelium":1,"stat.craftItem.harvestcraft.apiary":1,"stat.drop.minecraft.bucket":1,"stat.drop.mowziesmobs.wrought_helmet":1,"stat.useItem.minecraft.baked_potato":15,"stat.craftItem.fm.lead_chestplate":1,"stat.pickup.minecraft.yellow_flower":149,"stat.pickup.minecraft.bone":95,"stat.pickup.fm.copper_ingot":5,"stat.useItem.minecraft.log2":4,"stat.pickup.fm.obsidian_spade":5,"stat.mineBlock.minecraft.acacia_fence":1,"stat.drop.zoocraftdiscoveries.seed_mint":1,"stat.pickup.zoocraftdiscoveries.frogspawn":19,"stat.pickup.harvestcraft.artichokeitem":31,"stat.climbOneCm":10895,"stat.pickup.harvestcraft.okraitem":1,"stat.pickup.zoocraftdiscoveries.seed_basil":21,"stat.pickup.futuremc.acacia_trapdoor":2,"stat.pickup.zawa.bird_meat":6,"stat.pickup.harvestcraft.tropicalgarden":2,"stat.craftItem.fm.aluminum_ingot":30,"stat.pickup.minecraft.anvil":7,"stat.drop.zoocraftdiscoveries.seed_saffron":2,"stat.craftItem.minecraft.trapdoor":4,"stat.craftItem.minecraft.stone_pickaxe":1,"stat.pickup.minecraft.cobblestone":5571,"stat.pickup.minecraft.redstone":1,"stat.mineBlock.minecraft.iron_ore":93,"stat.craftItem.minecraft.acacia_door":3,"stat.useItem.harvestcraft.peanutitem":2,"stat.useItem.fm.obsidian_axe":36,"stat.pickup.minecraft.mossy_cobblestone":2,"stat.drop.minecraft.coal":2,"stat.craftItem.fm.tin_ingot":14,"stat.drop.minecraft.dirt":19,"stat.useItem.minecraft.cooked_porkchop":1,"stat.pickup.minecraft.diamond_shovel":1,"stat.pickup.harvestcraft.soggygarden":6,"stat.useItem.harvestcraft.soggygarden":2,"stat.pickup.minecraft.sandstone_stairs":5,"stat.pickup.minecraft.paper":9,"stat.craftItem.minecraft.stick":160,"stat.pickup.biomesoplenty.ash":36,"stat.pickup.harvestcraft.barleyitem":32,"stat.pickup.minecraft.golden_horse_armor":2,"stat.pickup.harvestcraft.jackfruititem":6,"stat.mineBlock.minecraft.planks":18,"stat.drop":152,"stat.pickup.minecraft.jukebox":2,"stat.killEntity.Sheep":12,"stat.pickup.zoocraftdiscoveries.seed_sage":10,"stat.drop.minecraft.bread":1,"stat.useItem.fm.uranium_ore":1,"stat.craftItem.minecraft.piston":2,"stat.useItem.harvestcraft.frostgarden":25,"stat.mineBlock.betternether.cincinnasite_brick_plate":3,"stat.pickup.harvestcraft.coconutitem":5,"stat.craftItem.harvestcraft.wovencottonitem":12,"stat.mineBlock.minecraft.anvil":4,"stat.craftItem.fm.lead_ingot":29,"stat.mineBlock.zawa.amazon_sword":1,"stat.useItem.minecraft.potion":3,"stat.pickup.harvestcraft.dragonfruititem":4,"stat.pickup.minecraft.fence":1,"stat.useItem.minecraft.stone_axe":26,"stat.mineBlock.harvestcraft.shadedgarden":11,"stat.pickup.harvestcraft.bellpepperitem":60,"stat.useItem.harvestcraft.passionfruititem":1,"stat.pickup.zawa.carnivore_meat_cooked":1,"stat.boatOneCm":307876,"stat.mineBlock.minecraft.leaves2":59,"stat.mineBlock.minecraft.stone_stairs":8,"stat.craftItem.minecraft.iron_bars":16,"stat.pickup.fm.silver_ore":4,"stat.craftItem.fm.lead_sword":1,"stat.mineBlock.minecraft.furnace":10,"stat.mineBlock.fm.tin_ore":56,"stat.useItem.harvestcraft.beetitem":2,"stat.useItem.harvestcraft.mustardseedsitem":4,"stat.craftItem.harvestcraft.fishtrapbaititem":4,"stat.killEntity.CaveSpider":2,"stat.pickup.harvestcraft.grapeitem":58,"stat.craftItem.harvestcraft.doughitem":2,"stat.damageDealt":45344,"stat.pickup.betternether.agave":2,"stat.craftItem.minecraft.anvil":1,"stat.pickup.fm.mithril_ingot":10,"stat.pickup.fm.insanity_ore":10,"stat.pickup.harvestcraft.elderberryitem":21,"stat.pickup.minecraft.boat":4,"stat.pickup.minecraft.stick":6,"stat.pickup.harvestcraft.cabbageitem":4,"stat.craftItem.minecraft.writable_book":1,"stat.useItem.fm.obsidian_sword":4,"stat.pickup.harvestcraft.zucchiniitem":1,"stat.craftItem.fm.obsidian_chestplate":1,"stat.pickup.betternether.netherrack_moss":1,"stat.mineBlock.minecraft.quartz_ore":3,"stat.pickup.harvestcraft.watertrap":1,"stat.pickup.mowziesmobs.barakoa_mask_bliss":5,"stat.mineBlock.minecraft.leaves":268,"stat.mineBlock.minecraft.hay_block":39,"stat.mineBlock.harvestcraft.guava_sapling":1,"stat.leaveGame":15,"stat.useItem.harvestcraft.amaranthitem":6,"stat.useItem.harvestcraft.soybeanseeditem":15,"stat.pickup.harvestcraft.soybeanitem":59,"stat.pickup.harvestcraft.pineappleitem":5,"stat.useItem.fm.powered_battle_scythe":658,"stat.mineBlock.minecraft.sandstone":194,"stat.craftItem.minecraft.ender_eye":1,"stat.killEntity.PigZombie":2,"stat.pickup.zawa.worm":370,"stat.mineBlock.fm.insanity_ore":2,"stat.mineBlock.harvestcraft.beehive":5,"stat.craftItem.minecraft.shield":1,"stat.craftItem.minecraft.stone_pressure_plate":1,"stat.useItem.minecraft.sandstone_stairs":2,"stat.pickup.minecraft.leather_boots":2,"stat.mineBlock.fm.copper_ore":19,"stat.pickup.harvestcraft.radishitem":1,"stat.pickup.harvestcraft.breadfruititem":7,"stat.killEntity.Witch":2,"stat.drop.minecraft.sand":38,"stat.pickup.fm.uranium_ore":3,"stat.craftItem.harvestcraft.presser":1,"stat.craftItem.minecraft.wooden_pickaxe":1,"stat.pickup.zawa.temple_bells":1,"stat.useItem.fm.sapphire_pickaxe":25,"stat.useItem.harvestcraft.peasitem":1,"stat.pickup.harvestcraft.onionitem":76,"stat.useItem.harvestcraft.quinoaitem":1,"stat.mineBlock.minecraft.vine":12,"stat.pickup.betternether.cincinnasite_forged":2,"stat.pickup.harvestcraft.cherryitem":3,"stat.killEntity.ZombieVillager":1,"stat.drop.minecraft.red_flower":1,"stat.craftItem.fm.obsidian_boots":2,"stat.pickup.minecraft.beef":2,"stat.craftItem.zawa.bird_meat_cooked":3,"stat.useItem.harvestcraft.eggplantitem":1,"stat.mineBlock.minecraft.stained_hardened_clay":1,"stat.mineBlock.harvestcraft.pamcinnamon":3,"stat.pickup.fm.onyx_axe":3,"stat.pickup.mowziesmobs.wrought_helmet":3,"stat.pickup.minecraft.potion":12,"stat.pickup.wolfarmor.chainmail_wolf_armor":2,"stat.pickup.mowziesmobs.barakoa_mask_rage":11,"stat.useItem.minecraft.dye":325,"stat.mineBlock.minecraft.stone_pressure_plate":1,"stat.pickup.harvestcraft.arrowrootitem":4,"stat.craftItem.harvestcraft.passionfruit_sapling":1,"stat.pickup.zawa.care_guide":2,"stat.drop.minecraft.torch":2,"stat.mineBlock.minecraft.tallgrass":721,"stat.craftItem.harvestcraft.guava_sapling":1,"stat.useItem.minecraft.stone":43,"stat.pickup.minecraft.arrow":28,"stat.drop.hammer.stonehammer":1,"stat.pickup.harvestcraft.chilipepperitem":26,"stat.pickup.zawa.tiger_fur":2,"stat.mineBlock.minecraft.chest":33,"stat.pickup.harvestcraft.walnutitem":3,"stat.drop.fm.power_crystal":1,"stat.pickup.harvestcraft.windygarden":130,"stat.pickup.betternether.stalagnate_stem":2,"stat.useItem.harvestcraft.lettuceitem":6,"stat.pickup.minecraft.wheat_seeds":170,"stat.useItem.harvestcraft.papayaitem":8,"stat.craftItem.harvestcraft.lime_sapling":1,"stat.mineBlock.fm.adamantium_ore":2,"stat.mineBlock.betternether.gray_mold":1,"stat.pickup.harvestcraft.cinnamonitem":9,"stat.useItem.harvestcraft.spinachitem":1,"stat.mineBlock.betternether.nether_mycelium":1,"stat.mineBlock.minecraft.dirt":13273,"stat.useItem.minecraft.bread":10,"stat.pickup.minecraft.brewing_stand":2,"stat.useItem.zawa.reptile_meat_raw":1,"stat.craftItem.fm.hardened_iron_ingot":15,"stat.useItem.minecraft.cobblestone":1791,"stat.useItem.minecraft.gravel":39,"stat.mineBlock.minecraft.double_plant":27,"stat.pickup.zoocraftdiscoveries.seed_dill":14,"stat.mineBlock.betternether.cincinnasite_ore":9,"stat.pickup.harvestcraft.hazelnutitem":1,"stat.pickup.minecraft.iron_pickaxe":1,"stat.craftItem.harvestcraft.zombiejerkyitem":2,"stat.drop.harvestcraft.eelrawitem":1,"stat.pickup.minecraft.apple":9,"stat.useItem.minecraft.fireworks":7,"stat.pickup.fm.tin_chestplate":1,"stat.useItem.fm.obsidian_pickaxe":4642,"stat.useItem.harvestcraft.caulifloweritem":1,"stat.useItem.harvestcraft.artichokeitem":2,"stat.useItem.betternether.cincinnasite_fire_bowl":3,"stat.craftItem.harvestcraft.breadfruit_sapling":1,"stat.mineBlock.minecraft.log":132,"stat.pickup.minecraft.red_flower":8,"stat.pickup.minecraft.wool":13,"stat.pickup.harvestcraft.frostgarden":63,"stat.cakeSlicesEaten":11,"stat.mineBlock.minecraft.acacia_stairs":3,"stat.craftItem.harvestcraft.starfruit_sapling":1,"stat.mineBlock.minecraft.yellow_flower":26,"stat.drop.fm.l_essence_of_greed":7,"stat.craftItem.harvestcraft.lychee_sapling":1,"stat.mineBlock.betternether.nether_cactus":1,"stat.craftItem.harvestcraft.grapejuiceitem":2,"stat.pickup.minecraft.enchanted_book":22,"stat.useItem.minecraft.cookie":2,"stat.pickup.minecraft.bow":4,"stat.useItem.harvestcraft.gooseberryitem":1,"stat.craftItem.betternether.cincinnasite_block":2,"stat.pickup.harvestcraft.bambooshootitem":3,"stat.pickup.harvestcraft.broccoliitem":5,"stat.drop.betternether.stalagnate_stem":1,"stat.pickup.minecraft.shears":1,"stat.useItem.zawa.bush_meat_raw":2,"stat.pickup.harvestcraft.curryleafitem":5,"stat.pickup.futuremc.sweet_berries":771,"stat.flyOneCm":1787347,"stat.pickup.minecraft.sandstone":181,"stat.pickup.harvestcraft.cranberryitem":1,"stat.pickup.minecraft.fish":1,"stat.pickup.fm.l_essence_of_greed":492,"stat.timeSinceDeath":1397723,"stat.pickup.fm.sapphire_pickaxe":2,"stat.craftItem.fm.lead_boots":2,"stat.pickup.harvestcraft.whitemushroomitem":2,"stat.pickup.travelersbackpack.travelers_backpack":3,"stat.pickup.harvestcraft.riceitem":1,"stat.useItem.minecraft.potato":32,"stat.pickup.minecraft.chainmail_helmet":2,"stat.pickup.minecraft.nether_wart":16,"stat.mineBlock.minecraft.enchanting_table":1,"stat.mineBlock.minecraft.coal_ore":50,"stat.drop.zoocraftdiscoveries.seed_chive":1,"stat.pickup.minecraft.shield":5,"stat.talkedToVillager":483,"stat.pickup.minecraft.string":160,"stat.useItem.betternether.cincinnasite_bricks":7,"stat.useItem.minecraft.written_book":15,"stat.drop.betternether.egg_plant":2,"stat.mineBlock.minecraft.diamond_ore":6,"stat.pickup.minecraft.fireworks":84,"stat.pickup.harvestcraft.quinoaitem":2,"stat.useItem.betternether.cincinnasite_bricks_pillar":5,"stat.craftItem.futuremc.jungle_trapdoor":2,"stat.pickup.fm.obsidian_boots":1,"stat.pickup.minecraft.snowball":50,"stat.useItem.harvestcraft.taroitem":1,"stat.diveOneCm":231476,"stat.useItem.zawa.rat_raw":2,"stat.drop.fm.obsidian_spade":3,"stat.craftItem.fm.powered_battle_scythe":3,"stat.pickup.minecraft.stone_axe":1,"stat.craftItem.fm.obsidian_sword":1,"stat.pickup.harvestcraft.potitem":2,"stat.mineBlock.fm.silver_ore":2,"stat.craftItem.futuremc.spruce_trapdoor":2,"stat.useItem.harvestcraft.groundtrap":3,"stat.useItem.minecraft.rotten_flesh":3,"stat.drop.minecraft.sandstone":3,"stat.jump":14467,"stat.useItem.minecraft.sand":70,"stat.craftItem.minecraft.torch":140,"stat.drop.futuremc.sweet_berries":1,"stat.pickup.harvestcraft.chestnutitem":3,"stat.pickup.minecraft.gold_ore":17,"stat.useItem.minecraft.sapling":18,"stat.mineBlock.harvestcraft.aridgarden":3,"stat.mineBlock.minecraft.glass_pane":3,"stat.damageTaken":8789,"stat.pickup.harvestcraft.cashewitem":6,"stat.mineBlock.minecraft.melon_block":2,"stat.drop.zoocraftdiscoveries.seed_oregano":1,"stat.mineBlock.minecraft.sapling":5,"stat.pickup.minecraft.log2":90,"stat.mineBlock.minecraft.sandstone_stairs":3,"stat.pickup.minecraft.potato":145,"stat.pickup.harvestcraft.lettuceitem":34,"stat.pickup.harvestcraft.oatsitem":4,"stat.craftItem.futuremc.stonecutter":1,"stat.useItem.minecraft.chest":25,"stat.craftItem.harvestcraft.cheeseitem":2,"stat.craftItem.harvestcraft.boiledeggitem":2,"stat.mineBlock.betternether.cincinnasite_fire_bowl":4,"stat.pickup.fm.lead_ore":36,"stat.pickup.harvestcraft.celeryitem":3,"stat.craftItem.fm.darkened_heart":4,"stat.pickup.fm.insanity_shard":8,"stat.pickup.wolfarmor.gold_wolf_armor":2,"stat.pickup.wolfarmor.diamond_wolf_armor":2,"stat.pickup.minecraft.ender_pearl":3,"stat.useItem.minecraft.netherrack":46,"stat.useItem.harvestcraft.shadedgarden":1,"stat.mineBlock.minecraft.tnt":9,"stat.mineBlock.minecraft.stonebrick":6,"stat.pickup.harvestcraft.queenbeeitem":6,"stat.pickup.harvestcraft.cucumberitem":63,"stat.pickup.harvestcraft.strawberryitem":15,"stat.mineBlock.minecraft.glowstone":26,"stat.craftItem.harvestcraft.pomegranate_sapling":2,"stat.craftItem.harvestcraft.papayajuiceitem":1,"stat.pickup.minecraft.iron_horse_armor":1,"stat.pickup.minecraft.torch":119,"stat.craftItem.harvestcraft.saltitem":4,"stat.useItem.harvestcraft.huckleberryitem":6,"stat.drop.harvestcraft.eggplantitem":2,"stat.drop.fm.obsidian_axe":1,"stat.useItem.minecraft.planks":29,"stat.pickup.minecraft.porkchop":4,"stat.pickup.fm.powered_battle_scythe":6,"stat.mineBlock.fm.ruby_ore":5,"stat.useItem.minecraft.water_bucket":58,"stat.drop.travelersbackpack.travelers_backpack":1,"stat.useItem.harvestcraft.soybeanitem":28,"stat.drop.fm.copper_leggings":1,"stat.craftItem.fm.iron_stick":2,"stat.pickup.minecraft.sand":343,"stat.craftItem.harvestcraft.juiceritem":1,"stat.useItem.futuremc.spruce_trapdoor":1,"stat.pickup.betternether.egg_plant":43,"stat.pickup.minecraft.name_tag":1,"stat.pickup.harvestcraft.wintersquashitem":33,"stat.pickup.fm.adamantium_ore":4,"stat.craftItem.hammer.ironhammer":2,"stat.pickup.zoocraftdiscoveries.seed_oregano":14,"stat.mineBlock.biomesoplenty.ash_block":11,"stat.craftItem.fm.obsidian_spade":4,"stat.pickup.harvestcraft.apricotitem":3,"stat.craftItem.fm.tin_leggings":1,"stat.craftItem.harvestcraft.well":1,"stat.craftItem.minecraft.blaze_powder":2,"stat.useItem.fm.obsidian_spade":13338,"stat.drop.zoocraftdiscoveries.seed_basil":2,"stat.pickup.fm.power_crystal":1,"stat.pickup.harvestcraft.spinachitem":4,"stat.craftItem.harvestcraft.watertrap":1,"stat.pickup.betternether.cincinnasite_bricks_pillar":6,"stat.pickup.minecraft.furnace":10,"stat.pickup.fm.tin_ore":58,"stat.pickup.mowziesmobs.wrought_axe":3,"stat.pickup.minecraft.iron_chestplate":1,"stat.useItem.minecraft.stone_stairs":20,"stat.pickup.minecraft.acacia_door":1,"stat.drop.minecraft.wooden_hoe":1,"stat.pickup.harvestcraft.nutmegitem":6,"stat.pickup.harvestcraft.perchrawitem":1,"stat.mineBlock.zawa.river_stone":1,"stat.craftItem.fm.obsidian_helmet":2,"stat.craftItem.harvestcraft.groundtrap":4,"stat.pickup.betternether.cincinnasite_fire_bowl":4,"stat.playOneMinute":1434656,"stat.craftItem.eplus.advanced_table":1,"stat.craftItem.harvestcraft.fig_sapling":1,"stat.pickup.harvestcraft.starfruititem":3,"stat.pickup.fm.lead_sword":2,"stat.pickup.betternether.cincinnasite_brick_plate":3,"stat.pickup.minecraft.iron_bars":8,"stat.useItem.futuremc.jungle_trapdoor":1,"stat.pickup.hammer.stonehammer":2,"stat.mineBlock.minecraft.netherrack":208,"stat.craftItem.harvestcraft.mixingbowlitem":1,"stat.pickup.harvestcraft.coffeebeanitem":1,"stat.craftItem.harvestcraft.waterfilter":1,"stat.useItem.harvestcraft.ploughmanslunchitem":1,"stat.fallOneCm":192049,"stat.drop.minecraft.dye":1,"stat.craftItem.minecraft.chest":32,"stat.useItem.harvestcraft.bellpepperitem":31,"stat.pickup.minecraft.red_mushroom":3,"stat.mineBlock.harvestcraft.pamlemon":1,"stat.pickup.harvestcraft.guava_sapling":1,"stat.pickup.minecraft.feather":18,"stat.pickup.minecraft.record_cat":1,"stat.craftItem.harvestcraft.soybeanseeditem":22,"stat.pickup.harvestcraft.papayaitem":18,"stat.drop.harvestcraft.curryleafitem":1,"stat.craftItem.fm.sword_of_hell":2,"stat.craftItem.harvestcraft.lemon_sapling":1,"stat.drop.zawa.bellflowers":1,"stat.useItem.minecraft.stone_pickaxe":56,"stat.pickup.betternether.cincinnasite":10,"stat.pickup.fm.obsidian_pickaxe":2,"stat.useItem.minecraft.iron_bars":2,"stat.pickup.mowziesmobs.ice_crystal":2,"stat.pickup.minecraft.log":299,"stat.useItem.zawa.raw_cichlid":1,"stat.useItem.hammer.ironhammer":126,"stat.mineBlock.zawa.bellflowers":2,"stat.pickup.minecraft.chainmail_leggings":1,"stat.drop.mowziesmobs.ice_crystal":1,"stat.drop.harvestcraft.taroitem":1,"stat.pickup.fm.lead_boots":2,"stat.craftItem.fm.lead_axe":1,"stat.pickup.harvestcraft.rutabagaitem":6,"stat.useItem.harvestcraft.pineappleitem":1,"stat.pickup.harvestcraft.pearitem":6,"stat.sneakTime":122263,"stat.mineBlock.minecraft.jukebox":2,"stat.useItem.minecraft.beetroot":8,"stat.pickup.minecraft.chest":35,"stat.pickup.harvestcraft.gooseberryitem":4,"stat.pickup.minecraft.stone_pressure_plate":1,"stat.drop.minecraft.beetroot":1,"stat.pickup.fm.ruby":18,"stat.craftItem.minecraft.stone_brick_stairs":16,"stat.swimOneCm":133213,"stat.useItem.minecraft.dirt":4412,"stat.mineBlock.betternether.nether_grass":19,"stat.useItem.harvestcraft.barleyitem":1,"stat.useItem.fm.lead_axe":336,"stat.pickup.zawa.carnivore_meat_raw":3,"stat.pickup.minecraft.enchanting_table":1,"stat.pickup.harvestcraft.lentilitem":2,"stat.pickup.minecraft.glass_bottle":7,"stat.craftItem.harvestcraft.pistachio_sapling":1,"stat.pickup.harvestcraft.lycheeitem":3,"stat.useItem.harvestcraft.aridgarden":1,"stat.pickup.minecraft.mutton":21,"stat.pickup.harvestcraft.soursopitem":3,"stat.pickup.minecraft.stonebrick":8,"stat.mineBlock.harvestcraft.pamdurian":1,"stat.mineBlock.betternether.black_bush":6,"stat.drop.harvestcraft.pineappleitem":1,"stat.craftItem.harvestcraft.apple_sapling":1,"stat.mineBlock.betternether.agave":3,"stat.craftItem.minecraft.stone_slab2":0,"stat.drop.minecraft.anvil":2,"stat.useItem.harvestcraft.cucumberitem":44,"stat.craftItem.hammer.stonehammer":1,"stat.craftItem.minecraft.stone":88,"stat.mineBlock.minecraft.crafting_table":2,"stat.useItem.minecraft.carrot":35,"stat.useItem.minecraft.wheat":16,"stat.craftItem.harvestcraft.potitem":1,"stat.pickup.minecraft.slime_ball":15,"stat.pickup.zoocraftdiscoveries.seed_parsley":12,"stat.pickup.harvestcraft.eggplantitem":3,"stat.pickup.minecraft.gravel":154,"stat.pickup.harvestcraft.kohlrabiitem":1,"stat.pickup.minecraft.stone_brick_stairs":12,"stat.pickup.minecraft.brick":8,"stat.useItem.minecraft.wooden_hoe":239,"stat.pickup.minecraft.iron_helmet":2,"stat.craftItem.minecraft.bread":2,"stat.pickup.harvestcraft.peanutitem":23,"stat.pickup.minecraft.spider_eye":24,"stat.mineBlock.harvestcraft.frostgarden":81,"stat.pickup.minecraft.iron_ore":161,"stat.mineBlock.mca.rose_gold_ore":2,"stat.mineBlock.minecraft.iron_bars":5,"stat.useItem.harvestcraft.windygarden":2,"stat.drop.zawa.worm":3,"stat.pickup.minecraft.leather":51,"stat.useItem.minecraft.wooden_pickaxe":11,"stat.dispenserInspected":4,"stat.craftItem.zawa.data_book":1,"stat.pickup.betternether.nether_cactus":5,"stat.pickup.minecraft.reeds":31,"stat.drop.fm.insanity_ore":1,"stat.pickup.fm.obsidian_helmet":1,"stat.sleepInBed":34,"stat.craftItem.minecraft.baked_potato":20,"stat.killEntity.Cow":1,"stat.killEntity.Pig":1,"stat.pickup.zawa.rat_raw":2,"stat.craftItem.minecraft.iron_sword":1,"stat.walkOneCm":5414241,"stat.craftItem.fm.mithril_ingot":7,"stat.drop.harvestcraft.windygarden":1,"stat.pickup.minecraft.clay_ball":120,"stat.pickup.zoocraftdiscoveries.seed_lemongrass":20,"stat.useItem.fm.lead_spade":417,"stat.drop.zoocraftdiscoveries.seed_bay":1,"stat.craftItem.harvestcraft.spiderweb_sapling":1,"stat.pickup.minecraft.tnt":18,"stat.mineBlock.zawa.maireana":1,"stat.pickup.minecraft.stone":628,"stat.pickup.zoocraftdiscoveries.seed_coriander":12,"stat.pickup.fm.lead_ingot":14,"stat.pickup.minecraft.gold_ingot":8,"stat.mineBlock.betternether.netherrack_moss":1,"stat.killEntity.Skeleton":25,"stat.pickup.harvestcraft.amaranthitem":24,"stat.pickup.fm.amethyst":8,"stat.pickup.minecraft.netherbrick":1,"stat.killEntity.Spider":20,"stat.pickup.minecraft.bread":3,"stat.pickup.minecraft.quartz":14,"stat.useItem.harvestcraft.ryeitem":2,"stat.useItem.fm.onyx_axe":2,"stat.pickup.minecraft.water_bucket":4,"stat.pickup.fm.lead_axe":2,"stat.mineBlock.harvestcraft.soggygarden":8,"stat.craftItem.minecraft.brick":9,"stat.mineBlock.minecraft.stone":4607,"stat.useItem.minecraft.sandstone":6}