{"stat.cakeSlicesEaten":8,"stat.chestOpened":10,"stat.walkOneCm":159417,"stat.pickup.minecraft.brewing_stand":1,"stat.pickup.rustic.bee":1,"stat.useItem.minecraft.torch":3,"stat.pickup.minecraft.bone":2,"stat.useItem.minecraft.bread":2,"stat.leaveGame":2,"stat.pickup.minecraft.arrow":6,"stat.mineBlock.minecraft.cobblestone":1,"stat.useItem.minecraft.cobblestone":5,"stat.furnaceInteraction":1,"stat.mineBlock.minecraft.coal_ore":33,"stat.pickup.minecraft.flower_pot":3,"stat.talkedToVillager":3,"stat.mineBlock.minecraft.sandstone":1,"stat.jump":417,"stat.swimOneCm":13169,"stat.useItem.minecraft.sand":7,"stat.pickup.minecraft.coal":32,"stat.fallOneCm":7482,"stat.climbOneCm":542,"stat.pickup.minecraft.glowstone_dust":6,"stat.pickup.minecraft.carrot":4,"stat.crouchOneCm":22341,"stat.mineBlock.minecraft.chest":1,"stat.useItem.minecraft.written_book":1,"stat.craftItem.minecraft.torch":4,"stat.pickup.minecraft.sapling":1,"stat.sprintOneCm":23564,"stat.useItem.minecraft.stone_slab2":6,"stat.drop.minecraft.iron_sword":1,"stat.craftingTableInteraction":2,"stat.pickup.minecraft.bone_block":29,"stat.pickup.minecraft.sand":9,"stat.killEntity.Skeleton":1,"stat.mineBlock.rustic.beehive":1,"stat.useItem.minecraft.iron_sword":24,"stat.mineBlock.minecraft.leaves2":6,"stat.damageTaken":311,"stat.pickup.astralsorcery.itemcraftingcomponent":5,"stat.mineBlock.minecraft.glowstone":1,"stat.pickup.minecraft.cobblestone":8,"stat.mobKills":4,"stat.pickup.minecraft.book":23,"stat.mineBlock.minecraft.bookshelf":8,"stat.pickup.minecraft.planks":1,"stat.useItem.minecraft.stone_shovel":16,"stat.pickup.minecraft.reeds":3,"stat.drop.minecraft.written_book":1,"stat.flyOneCm":23000,"stat.pickup.minecraft.bed":2,"stat.mineBlock.minecraft.planks":1,"tombstone:undead_killed":2,"stat.pickup.minecraft.wheat_seeds":1,"stat.drop":4,"stat.drop.minecraft.leather_leggings":1,"stat.mineBlock.minecraft.sand":17,"stat.mineBlock.minecraft.leaves":15,"stat.playOneMinute":35734,"stat.drop.minecraft.wheat_seeds":1,"stat.useItem.minecraft.stone_pickaxe":73,"stat.pickup.fm.l_essence_of_greed":4,"stat.pickup.minecraft.cactus":1,"stat.sneakTime":5388,"stat.mineBlock.astralsorcery.blockcustomsandore":2,"stat.damageDealt":763,"stat.mineBlock.minecraft.bone_block":30,"stat.killEntity.Zombie":1,"stat.sleepInBed":1,"stat.pickup.zawa.care_guide":1,"stat.timeSinceDeath":35734,"stat.mineBlock.minecraft.dirt":4,"stat.mineBlock.minecraft.stone":7,"stat.diveOneCm":4134,"stat.pickup.minecraft.chest":1}