{"stat.useItem.minecraft.bow":78,"stat.craftItem.minecraft.acacia_boat":1,"stat.pickup.harvestcraft.snapperrawitem":3,"stat.pickup.harvestcraft.huckleberryitem":1,"stat.drop.betternether.eye_seed":1,"stat.drop.zoocraftdiscoveries.seed_thyme":4,"stat.drop.minecraft.enchanted_book":1,"stat.mineBlock.minecraft.web":111,"stat.pickup.harvestcraft.sardinerawitem":4,"stat.craftItem.fm.joy_shard":17,"stat.craftItem.harvestcraft.royaljellyitem":1,"stat.pickup.minecraft.rotten_flesh":199,"stat.craftItem.minecraft.stone_axe":1,"stat.pickup.harvestcraft.catfishrawitem":2,"stat.drop.harvestcraft.tealeafitem":1,"stat.drop.minecraft.leather_boots":1,"stat.pickup.minecraft.bucket":1,"stat.craftItem.fm.silver_ingot":14,"stat.killEntity.Enderman":5,"stat.craftItem.fm.orb_of_joy":1,"stat.pickup.minecraft.record_ward":3,"stat.pickup.minecraft.brown_mushroom":11,"stat.useItem.zawa.carnivore_meat_cooked":2,"stat.useItem.minecraft.iron_pickaxe":81,"stat.useItem.harvestcraft.apricotitem":2,"stat.mineBlock.fm.amethyst_ore":16,"stat.pickup.zawa.mixed_coral_plates":1,"stat.useItem.zawa.bird_meat":2,"stat.furnaceInteraction":257,"stat.useItem.minecraft.nether_wart":21,"stat.pickup.harvestcraft.cornitem":6,"stat.pickup.minecraft.nether_brick":37,"stat.craftItem.minecraft.leather_helmet":1,"stat.craftItem.fm.obsidian_leggings":2,"stat.pickup.zawa.large_meat_raw":5,"stat.pickup.betternether.eye_seed":3,"stat.pickup.minecraft.hay_block":47,"stat.mineBlock.fm.uranium_ore":11,"stat.pickup.mca.rose_gold_ore":12,"stat.drop.minecraft.golden_axe":3,"stat.pickup.betternether.gray_mold":1,"stat.useItem.minecraft.flint_and_steel":1,"stat.craftItem.zawa.carnivore_meat_cooked":3,"stat.useItem.minecraft.wheat_seeds":1,"stat.drop.minecraft.cooked_fish":1,"stat.killEntity.Husk":9,"stat.mineBlock.fm.onyx_ore":10,"stat.pickup.mowziesmobs.barakoa_mask_fury":7,"stat.pickup.zawa.fur":2,"stat.pickup.zawa.peach_flower":2,"stat.pickup.zawa.cetacean_meat_raw":2,"stat.fishCaught":6,"stat.chestOpened":1243,"stat.pickup.minecraft.gold_nugget":4,"stat.craftItem.minecraft.coal":9,"stat.pickup.zoocraftdiscoveries.seed_mint":8,"stat.pickup.minecraft.carrot":43,"stat.drop.minecraft.stone_sword":1,"stat.crouchOneCm":103240,"stat.craftItem.minecraft.iron_ingot":77,"stat.craftingTableInteraction":107,"stat.pickup.zawa.raw_cichlid":1,"stat.mineBlock.minecraft.log2":99,"stat.pickup.minecraft.wooden_pickaxe":1,"stat.useItem.futuremc.sweet_berries":142,"stat.drop.zoocraftdiscoveries.seed_sage":2,"stat.pickup.harvestcraft.guavaitem":1,"stat.pickup.minecraft.dye":127,"stat.pickup.minecraft.planks":98,"stat.useItem.fm.sword_of_hell":27,"stat.useItem.harvestcraft.rutabagaitem":1,"stat.pickup.zawa.bush_meat_raw":2,"stat.useItem.mowziesmobs.wrought_axe":7,"stat.craftItem.fm.aluminum_boots":1,"stat.drop.minecraft.rotten_flesh":9,"stat.pickup.fm.joy_ore":17,"stat.pickup.harvestcraft.eelrawitem":4,"stat.mineBlock.zawa.bamboo":1,"stat.drop.minecraft.sapling":14,"stat.drop.minecraft.gold_nugget":2,"stat.pickup.minecraft.tipped_arrow":1,"stat.pickup.minecraft.coal_block":21,"stat.craftItem.minecraft.bucket":5,"stat.craftItem.minecraft.planks":500,"stat.useItem.minecraft.iron_sword":394,"stat.pickup.futuremc.cornflower":1,"stat.drop.futuremc.cornflower":1,"stat.craftItem.minecraft.fishing_rod":2,"stat.pickup.minecraft.stone_sword":1,"stat.pickup.harvestcraft.octopusrawitem":3,"stat.drop.zoocraftdiscoveries.seed_tarragon":4,"stat.useItem.minecraft.stonebrick":3,"stat.pickup.minecraft.book":84,"stat.useItem.harvestcraft.elderberryitem":7,"stat.pickup.minecraft.iron_door":1,"stat.drop.fm.laser_sword":1,"stat.pickup.minecraft.red_nether_brick":2,"stat.pickup.betternether.stalagnate_seed":1,"stat.pickup.minecraft.cooked_fish":3,"stat.pickup.zoocraftdiscoveries.seed_bay":5,"stat.killEntity.zoocraftdiscoveries.rhino":10,"stat.mineBlock.minecraft.cobblestone":343,"stat.pickup.minecraft.stone_pickaxe":1,"stat.pickup.minecraft.flint":15,"stat.killEntity.firefly":1,"stat.pickup.minecraft.leather_chestplate":4,"stat.craftItem.zawa.reptile_meat_cooked":3,"stat.mineBlock.fm.cyanite_ore":11,"stat.craftItem.harvestcraft.milletseeditem":1,"stat.drop.minecraft.cobblestone":8,"stat.useItem.minecraft.stone_slab2":289,"stat.pickup.minecraft.iron_boots":5,"stat.pickup.fm.aluminum_ore":30,"stat.craftItem.minecraft.furnace":7,"stat.drop.minecraft.golden_helmet":1,"stat.pickup.minecraft.golden_axe":3,"stat.pickup.harvestcraft.pambreadfruit":1,"stat.pickup.fm.cyanite":11,"stat.pickup.mowziesmobs.glowing_jelly":1,"stat.drop.minecraft.chainmail_chestplate":2,"stat.drop.minecraft.spider_eye":7,"stat.mineBlock.futuremc.stripped_spruce_log":2,"stat.killEntity.Creeper":27,"stat.craftItem.fm.onyx_axe":1,"stat.pickup.zawa.reptile_meat_raw":9,"stat.sprintOneCm":2192592,"stat.useItem.fm.lead_sword":144,"stat.pickup.betternether.lucis_spore":13,"stat.mineBlock.betternether.pig_statue_01":3,"stat.useItem.minecraft.snowball":4,"stat.pickup.mowziesmobs.barakoa_mask_fear":5,"stat.drop.fm.powered_battle_scythe":3,"stat.pickup.zoocraftdiscoveries.seed_rosemary":10,"stat.pickup.minecraft.leather_leggings":1,"stat.pickup.minecraft.sugar":2,"stat.pickup.harvestcraft.mustardseedsitem":11,"stat.pickup.mca.engagement_ring_rg":2,"stat.drop.zawa.wild_celery":1,"stat.pickup.harvestcraft.flaxitem":7,"stat.killEntity.Zombie":193,"stat.craftItem.minecraft.dye":257,"stat.mineBlock.minecraft.gold_ore":46,"stat.pickup.minecraft.wheat":21,"stat.mineBlock.minecraft.mossy_cobblestone":2,"stat.pickup.zoocraftdiscoveries.seed_tarragon":9,"stat.pickup.harvestcraft.passionfruititem":6,"stat.craftItem.minecraft.cooked_porkchop":17,"stat.useItem.fm.laser_sword":160,"stat.pickup.harvestcraft.figitem":8,"stat.pickup.minecraft.obsidian":161,"stat.useItem.harvestcraft.dragonfruititem":2,"stat.pickup.harvestcraft.ryeitem":2,"stat.pickup.minecraft.coal":625,"stat.pickup.minecraft.gunpowder":23,"stat.pickup.harvestcraft.milletitem":1,"stat.pickup.minecraft.dirt":6335,"stat.mineBlock.fm.lead_ore":20,"stat.pickup.harvestcraft.walleyerawitem":1,"stat.mineBlock.minecraft.lapis_ore":17,"stat.pickup.minecraft.red_sandstone":4,"stat.brewingstandInteraction":4,"stat.mineBlock.minecraft.torch":260,"stat.pickup.minecraft.written_book":2,"stat.mineBlock.minecraft.red_flower":7,"stat.pickup.minecraft.magma_cream":1,"stat.pickup.betternether.cincinnasite_bricks":1,"stat.useItem.betternether.egg_plant":1,"stat.pickup.zoocraftdiscoveries.seed_saffron":4,"stat.drop.fm.aluminum_ore":1,"stat.drop.zoocraftdiscoveries.seed_lemongrass":5,"stat.useItem.harvestcraft.onionitem":9,"stat.drop.minecraft.wheat":3,"stat.pickup.futuremc.stripped_spruce_log":2,"stat.useItem.minecraft.lava_bucket":2,"stat.drop.minecraft.netherrack":3,"stat.pickup.zawa.coin":2,"stat.craftItem.minecraft.wheat":180,"stat.useItem.zawa.large_meat_cooked":6,"stat.killEntity.Stray":1,"stat.useItem.harvestcraft.parsnipitem":14,"stat.pickup.zoocraftdiscoveries.rhino_leather":39,"stat.pickup.zoocraftdiscoveries.seed_thyme":7,"stat.mobKills":695,"stat.mineBlock.minecraft.bookshelf":28,"stat.pickup.minecraft.diamond":10,"stat.pickup.minecraft.beetroot_seeds":12,"stat.pickup.harvestcraft.raspberryitem":1,"stat.useItem.harvestcraft.kohlrabiitem":1,"stat.pickup.harvestcraft.beetitem":1,"stat.mineBlock.zawa.peach_flower":2,"stat.drop.harvestcraft.potitem":1,"stat.useItem.harvestcraft.jellyfishrawitem":1,"stat.useItem.minecraft.bookshelf":13,"stat.useItem.biomesoplenty.ash_block":10,"stat.useItem.minecraft.soul_sand":22,"stat.craftItem.fm.orb_of_insanity":2,"stat.mineBlock.harvestcraft.watertrap":2,"stat.killEntity.Blaze":19,"stat.craftItem.fm.obsidian_axe":1,"stat.pickup.harvestcraft.taroitem":1,"stat.pickup.minecraft.glowstone_dust":26,"stat.mineBlock.zawa.wild_celery":1,"stat.mineBlock.minecraft.stone_brick_stairs":1,"stat.pickup.fm.copper_ore":60,"stat.pickup.minecraft.wooden_hoe":1,"stat.craftItem.minecraft.stone_sword":3,"stat.mineBlock.minecraft.snow_layer":41,"stat.pickup.minecraft.chainmail_chestplate":7,"stat.pickup.mowziesmobs.barakoa_mask_misery":3,"stat.mineBlock.minecraft.sand":243,"stat.pickup.zoocraftdiscoveries.seed_chive":10,"stat.hopperInspected":2,"stat.drop.minecraft.diamond":6,"stat.useItem.hammer.stonehammer":5,"stat.trappedChestTriggered":2,"stat.killEntity.zoocraftdiscoveries.giraffe":1,"stat.pickup.zawa.thick_fur":2,"stat.craftItem.fm.tin_boots":1,"stat.useItem.minecraft.cooked_mutton":2,"stat.mineBlock.harvestcraft.windygarden":80,"stat.craftItem.travelersbackpack.travelers_backpack":1,"stat.craftItem.fm.laser_sword":2,"stat.pickup.minecraft.stone_stairs":2,"stat.pickup.harvestcraft.ploughmanslunchitem":1,"stat.pickup.minecraft.saddle":2,"stat.mineBlock.minecraft.soul_sand":34,"stat.pickup.minecraft.blaze_rod":8,"stat.craftItem.fm.obsidian_pickaxe":2,"stat.pickup.fm.topaz":10,"stat.pickup.minecraft.netherrack":227,"stat.pickup.fm.sapphire":23,"stat.pickup.harvestcraft.kaleitem":1,"stat.useItem.harvestcraft.coconutitem":6,"stat.craftItem.fm.power_crystal":5,"stat.recordPlayed":10,"stat.craftItem.fm.copper_ingot":1,"stat.pickup.minecraft.waterlily":11,"stat.mineBlock.minecraft.ice":1,"stat.drop.harvestcraft.juteitem":1,"stat.mineBlock.minecraft.gold_block":2,"stat.drop.minecraft.stone":25,"stat.useItem.harvestcraft.chilipepperitem":15,"stat.pickup.harvestcraft.caulifloweritem":2,"stat.pickup.minecraft.golden_leggings":1,"stat.drop.minecraft.bone":9,"stat.useItem.minecraft.furnace":1,"stat.pickup.harvestcraft.greenheartfishitem":3,"stat.pickup.minecraft.iron_leggings":3,"stat.pickup.fm.obsidian_axe":1,"stat.mineBlock.minecraft.gravel":325,"stat.pickup.fm.onyx":10,"stat.pickup.zawa.dried_bamboo":2,"stat.drop.fm.onyx_axe":1,"stat.drop.minecraft.reeds":1,"stat.useItem.zawa.carnivore_meat_raw":1,"stat.pickup.betternether.pig_statue_01":3,"stat.craftItem.minecraft.leather":55,"stat.pickup.minecraft.flint_and_steel":1,"stat.useItem.minecraft.torch":1019,"stat.pickup.minecraft.crafting_table":10,"stat.useItem.minecraft.log":2,"stat.craftItem.minecraft.crafting_table":5,"stat.craftItem.fm.insanity_shard":18,"stat.mineBlock.fm.aluminum_ore":34,"stat.killEntity.zoocraftdiscoveries.frog":9,"stat.pickup.minecraft.redstone_block":23,"stat.useItem.minecraft.cooked_fish":35,"stat.drop.minecraft.stonebrick":1,"stat.drop.minecraft.planks":1,"stat.pickup.minecraft.sapling":50,"stat.craftItem.fm.battle_scythe":1,"stat.pickup.minecraft.beetroot":5,"stat.pickup.harvestcraft.parsnipitem":11,"stat.killEntity.WitherSkeleton":15,"stat.pickup.harvestcraft.juteitem":1,"stat.pickup.fm.sword_of_hell":1,"stat.pickup.harvestcraft.tealeafitem":1,"stat.useItem.minecraft.baked_potato":11,"stat.pickup.minecraft.yellow_flower":115,"stat.useItem.minecraft.fishing_rod":59,"stat.pickup.minecraft.bone":161,"stat.pickup.hammer.ironhammer":2,"stat.drop.minecraft.glowstone_dust":1,"stat.pickup.fm.obsidian_spade":5,"stat.drop.zoocraftdiscoveries.seed_mint":5,"stat.useItem.minecraft.diamond_sword":105,"stat.pickup.fm.mithril_ore":20,"stat.pickup.zoocraftdiscoveries.frogspawn":77,"stat.pickup.harvestcraft.artichokeitem":11,"stat.climbOneCm":1893,"stat.pickup.minecraft.golden_helmet":2,"stat.pickup.zoocraftdiscoveries.seed_basil":11,"stat.pickup.zawa.bird_meat":3,"stat.craftItem.fm.aluminum_ingot":2,"stat.craftItem.minecraft.stone_pickaxe":3,"stat.pickup.minecraft.cobblestone":6721,"stat.pickup.minecraft.soul_sand":37,"stat.useItem.minecraft.cooked_beef":2,"stat.pickup.minecraft.cactus":1,"stat.pickup.minecraft.redstone":64,"stat.pickup.minecraft.acacia_boat":8,"stat.mineBlock.minecraft.iron_ore":170,"stat.craftItem.minecraft.book":2,"stat.useItem.harvestcraft.peanutitem":7,"stat.useItem.fm.obsidian_axe":327,"stat.pickup.minecraft.mossy_cobblestone":2,"stat.drop.minecraft.coal":2,"stat.craftItem.fm.tin_ingot":25,"stat.useItem.harvestcraft.cornitem":15,"stat.drop.minecraft.dirt":41,"stat.useItem.minecraft.cooked_porkchop":16,"stat.pickup.minecraft.iron_shovel":2,"stat.pickup.minecraft.carpet":2,"stat.pickup.minecraft.diamond_shovel":1,"stat.pickup.harvestcraft.soggygarden":2,"stat.pickup.zawa.blubber":2,"stat.mineBlock.zawa.mixed_coral_plates":1,"stat.pickup.minecraft.paper":5,"stat.craftItem.minecraft.stick":228,"stat.pickup.biomesoplenty.ash":111,"stat.pickup.harvestcraft.barleyitem":6,"stat.pickup.minecraft.grass":1,"stat.mineBlock.minecraft.planks":72,"stat.drop":348,"stat.pickup.zoocraftdiscoveries.seed_sage":3,"stat.drop.minecraft.iron_boots":2,"stat.pickup.minecraft.golden_chestplate":1,"stat.pickup.fm.adamantium_ingot":6,"stat.drop.harvestcraft.cornitem":1,"stat.pickup.harvestcraft.coconutitem":6,"stat.useItem.minecraft.quartz_stairs":3,"stat.mineBlock.fm.joy_ore":17,"stat.drop.harvestcraft.greenheartfishitem":1,"stat.craftItem.biomesoplenty.ash_block":12,"stat.useItem.minecraft.waterlily":1,"stat.useItem.minecraft.apple":3,"stat.craftItem.fm.lead_ingot":6,"stat.useItem.minecraft.porkchop":5,"stat.useItem.minecraft.carpet":1,"stat.useItem.minecraft.potion":21,"stat.drop.harvestcraft.royaljellyitem":1,"stat.drop.harvestcraft.wintersquashitem":1,"stat.craftItem.travelersbackpack.backpack_tank":2,"stat.useItem.harvestcraft.kaleitem":1,"stat.useItem.minecraft.stone_axe":93,"stat.mineBlock.harvestcraft.shadedgarden":8,"stat.mineBlock.betternether.block_eyeball":1,"stat.pickup.harvestcraft.bellpepperitem":9,"stat.useItem.zawa.reptile_meat_cooked":3,"stat.useItem.harvestcraft.passionfruititem":6,"stat.boatOneCm":739603,"stat.craftItem.minecraft.flint_and_steel":1,"stat.mineBlock.minecraft.leaves2":18,"stat.mineBlock.minecraft.stone_stairs":2,"stat.pickup.fm.silver_ore":25,"stat.mineBlock.minecraft.furnace":3,"stat.mineBlock.fm.tin_ore":16,"stat.drop.minecraft.water_bucket":2,"stat.useItem.harvestcraft.beetitem":1,"stat.useItem.harvestcraft.mustardseedsitem":7,"stat.killEntity.CaveSpider":9,"stat.craftItem.minecraft.netherbrick":1,"stat.drop.zoocraftdiscoveries.seed_coriander":7,"stat.damageDealt":111226,"stat.mineBlock.minecraft.nether_brick_stairs":2,"stat.useItem.minecraft.crafting_table":4,"stat.mineBlock.harvestcraft.pamspiderweb":3,"stat.pickup.fm.insanity_ore":23,"stat.pickup.harvestcraft.elderberryitem":8,"stat.craftItem.minecraft.stone_shovel":1,"stat.pickup.minecraft.stick":5,"stat.pickup.harvestcraft.cabbageitem":1,"stat.useItem.harvestcraft.guavaitem":1,"stat.useItem.fm.obsidian_sword":44,"stat.drop.minecraft.leather_chestplate":2,"stat.craftItem.fm.obsidian_chestplate":2,"stat.useItem.fm.mithril_sword":133,"stat.mineBlock.minecraft.quartz_ore":14,"stat.useItem.harvestcraft.figitem":8,"stat.pickup.harvestcraft.watertrap":2,"stat.pickup.mowziesmobs.barakoa_mask_bliss":6,"stat.mineBlock.minecraft.leaves":167,"stat.craftItem.fm.tin_pickaxe":3,"stat.mineBlock.minecraft.hay_block":47,"stat.leaveGame":10,"stat.useItem.harvestcraft.amaranthitem":21,"stat.useItem.fm.tin_pickaxe":498,"stat.useItem.fm.powered_battle_scythe":771,"stat.mineBlock.minecraft.sandstone":10,"stat.killEntity.PigZombie":7,"stat.mineBlock.fm.insanity_ore":22,"stat.pickup.zawa.worm":270,"stat.mineBlock.harvestcraft.beehive":2,"stat.craftItem.minecraft.shield":1,"stat.mineBlock.minecraft.red_sandstone":78,"stat.pickup.zawa.brain_coral":1,"stat.pickup.minecraft.leather_boots":6,"stat.mineBlock.fm.copper_ore":58,"stat.pickup.harvestcraft.breadfruititem":1,"stat.killEntity.Witch":3,"stat.drop.minecraft.sand":3,"stat.pickup.fm.uranium_ore":11,"stat.useItem.zoocraftdiscoveries.frogspawn":37,"stat.craftItem.minecraft.wooden_pickaxe":2,"stat.useItem.fm.sapphire_pickaxe":1987,"stat.drop.harvestcraft.agaveitem":1,"stat.craftItem.minecraft.bed":2,"stat.pickup.harvestcraft.onionitem":16,"stat.mineBlock.minecraft.vine":1,"stat.drop.minecraft.gravel":3,"stat.killEntity.ZombieVillager":14,"stat.mineBlock.betternether.orange_mushroom":1,"stat.drop.minecraft.red_flower":2,"stat.pickup.harvestcraft.grouperrawitem":2,"stat.pickup.minecraft.beef":2,"stat.craftItem.fm.obsidian_boots":2,"stat.pickup.minecraft.leather_helmet":5,"stat.pickup.minecraft.cauldron":1,"stat.pickup.fm.onyx_axe":1,"stat.pickup.mowziesmobs.wrought_helmet":1,"stat.useItem.harvestcraft.starfruititem":3,"stat.useItem.harvestcraft.breadfruititem":1,"stat.pickup.minecraft.potion":2,"stat.pickup.mowziesmobs.barakoa_mask_rage":3,"stat.useItem.harvestcraft.tomatilloitem":1,"stat.useItem.minecraft.dye":96,"stat.mineBlock.minecraft.stone_pressure_plate":3,"stat.useItem.minecraft.nether_brick":12,"stat.pickup.zawa.care_guide":1,"stat.drop.minecraft.torch":5,"stat.drop.minecraft.glass_bottle":7,"stat.mineBlock.minecraft.tallgrass":783,"stat.useItem.minecraft.stone":9,"stat.drop.hammer.stonehammer":1,"stat.pickup.minecraft.arrow":119,"stat.drop.betternether.red_mold":3,"stat.pickup.harvestcraft.chilipepperitem":6,"stat.pickup.zawa.tiger_fur":3,"stat.mineBlock.minecraft.chest":7,"stat.mineBlock.harvestcraft.pambreadfruit":1,"stat.useItem.harvestcraft.lycheeitem":2,"stat.pickup.harvestcraft.windygarden":25,"stat.pickup.harvestcraft.agaveitem":1,"stat.useItem.minecraft.reeds":4,"stat.pickup.betternether.stalagnate_stem":4,"stat.useItem.harvestcraft.lettuceitem":7,"stat.pickup.fm.tin_pickaxe":1,"stat.pickup.minecraft.wheat_seeds":17,"stat.useItem.harvestcraft.papayaitem":2,"stat.mineBlock.fm.adamantium_ore":7,"stat.mineBlock.betternether.gray_mold":1,"stat.drop.zawa.carnivore_meat_cooked":1,"stat.mineBlock.minecraft.dirt":11492,"stat.useItem.minecraft.bread":6,"stat.useItem.zawa.reptile_meat_raw":5,"stat.craftItem.fm.hardened_iron_ingot":5,"stat.useItem.minecraft.cobblestone":763,"stat.useItem.minecraft.gravel":10,"stat.mineBlock.minecraft.double_plant":15,"stat.pickup.zoocraftdiscoveries.seed_dill":4,"stat.mineBlock.betternether.cincinnasite_ore":2,"stat.craftItem.minecraft.gold_ingot":17,"stat.drop.harvestcraft.eelrawitem":1,"stat.useItem.harvestcraft.cabbageitem":3,"stat.mineBlock.zawa.brain_coral":1,"stat.useItem.minecraft.fireworks":7,"stat.useItem.fm.obsidian_pickaxe":9742,"stat.useItem.harvestcraft.caulifloweritem":3,"stat.useItem.minecraft.acacia_boat":8,"stat.useItem.harvestcraft.artichokeitem":12,"stat.mineBlock.minecraft.log":436,"stat.craftItem.minecraft.paper":6,"stat.pickup.minecraft.red_flower":9,"stat.pickup.minecraft.red_sandstone_stairs":2,"stat.cakeSlicesEaten":9,"stat.drop.harvestcraft.parsnipitem":2,"stat.mineBlock.minecraft.yellow_flower":115,"stat.drop.fm.l_essence_of_greed":3,"stat.craftItem.minecraft.wool":11,"stat.pickup.harvestcraft.jellyfishrawitem":1,"stat.drop.minecraft.saddle":1,"stat.pickup.minecraft.enchanted_book":4,"stat.useItem.minecraft.obsidian":10,"stat.useItem.minecraft.cookie":4,"stat.pickup.minecraft.bow":5,"stat.useItem.harvestcraft.wintersquashitem":22,"stat.craftItem.minecraft.spruce_boat":2,"stat.craftItem.minecraft.cooked_beef":2,"stat.mineBlock.minecraft.obsidian":167,"stat.craftItem.minecraft.bow":3,"stat.pickup.futuremc.sweet_berries":159,"stat.flyOneCm":2959489,"stat.pickup.minecraft.sandstone":70,"stat.pickup.minecraft.nether_brick_stairs":1,"stat.pickup.minecraft.fish":6,"stat.drop.harvestcraft.mustardseedsitem":2,"stat.pickup.fm.l_essence_of_greed":645,"stat.timeSinceDeath":1493322,"stat.killEntity.Bat":1,"stat.pickup.travelersbackpack.travelers_backpack":12,"stat.pickup.harvestcraft.beanitem":1,"stat.useItem.minecraft.potato":8,"stat.pickup.betternether.red_mold":3,"stat.pickup.minecraft.chainmail_helmet":5,"stat.pickup.minecraft.nether_wart":116,"stat.mineBlock.minecraft.coal_ore":412,"stat.drop.zoocraftdiscoveries.seed_chive":6,"stat.pickup.minecraft.shield":4,"stat.craftItem.minecraft.stone_hoe":2,"stat.talkedToVillager":340,"stat.pickup.minecraft.string":204,"stat.useItem.minecraft.written_book":10,"stat.drop.harvestcraft.barleyitem":1,"stat.mineBlock.minecraft.diamond_ore":10,"stat.pickup.harvestcraft.quinoaitem":1,"stat.craftItem.minecraft.fish":30,"stat.drop.zoocraftdiscoveries.seed_parsley":5,"stat.pickup.minecraft.snowball":4,"stat.useItem.zawa.peach_flower":1,"stat.diveOneCm":147543,"stat.drop.fm.obsidian_spade":5,"stat.craftItem.fm.powered_battle_scythe":1,"stat.pickup.harvestcraft.potitem":1,"stat.drop.harvestcraft.elderberryitem":2,"stat.drop.harvestcraft.bellpepperitem":1,"stat.mineBlock.fm.silver_ore":25,"stat.useItem.minecraft.rotten_flesh":145,"stat.drop.minecraft.apple":1,"stat.jump":20107,"stat.useItem.minecraft.sand":40,"stat.craftItem.minecraft.torch":644,"stat.drop.futuremc.sweet_berries":1,"stat.pickup.minecraft.gold_ore":46,"stat.useItem.minecraft.sapling":10,"stat.mineBlock.harvestcraft.aridgarden":1,"stat.damageTaken":15795,"stat.craftItem.harvestcraft.octopuscookeditem":2,"stat.drop.zoocraftdiscoveries.seed_oregano":6,"stat.mineBlock.minecraft.sapling":11,"stat.pickup.minecraft.log2":91,"stat.pickup.minecraft.quartz_block":40,"stat.pickup.minecraft.potato":9,"stat.pickup.harvestcraft.carprawitem":2,"stat.pickup.harvestcraft.lettuceitem":9,"stat.killEntity.Silverfish":3,"stat.useItem.minecraft.chest":3,"stat.pickup.fm.lead_ore":20,"stat.pickup.harvestcraft.celeryitem":2,"stat.drop.mowziesmobs.barakoa_mask_fury":1,"stat.pickup.harvestcraft.troutrawitem":5,"stat.drop.minecraft.potato":1,"stat.pickup.minecraft.ender_pearl":4,"stat.useItem.minecraft.netherrack":115,"stat.craftItem.travelersbackpack.sleeping_bag_bottom":1,"stat.craftItem.minecraft.bookshelf":15,"stat.mineBlock.minecraft.stonebrick":26,"stat.pickup.harvestcraft.queenbeeitem":2,"stat.pickup.harvestcraft.cucumberitem":8,"stat.pickup.harvestcraft.strawberryitem":8,"stat.useItem.harvestcraft.celeryitem":3,"stat.craftItem.minecraft.shears":1,"stat.pickup.betternether.cincinnasite_pedestal":1,"stat.pickup.minecraft.torch":340,"stat.drop.minecraft.quartz_block":4,"stat.pickup.minecraft.spruce_boat":16,"stat.drop.fm.orb_of_joy":1,"stat.craftItem.fm.tin_chestplate":1,"stat.useItem.harvestcraft.huckleberryitem":1,"stat.drop.minecraft.waterlily":10,"stat.drop.harvestcraft.eggplantitem":2,"stat.drop.fm.obsidian_axe":1,"stat.useItem.minecraft.planks":123,"stat.pickup.minecraft.porkchop":26,"stat.pickup.fm.powered_battle_scythe":4,"stat.pickup.zawa.wild_celery":1,"stat.mineBlock.fm.ruby_ore":15,"stat.useItem.minecraft.water_bucket":123,"stat.drop.fm.copper_leggings":1,"stat.craftItem.fm.iron_stick":2,"stat.pickup.minecraft.sand":137,"stat.craftItem.fm.adamantium_ingot":6,"stat.pickup.betternether.egg_plant":44,"stat.pickup.minecraft.name_tag":1,"stat.pickup.harvestcraft.wintersquashitem":15,"stat.pickup.fm.adamantium_ore":7,"stat.craftItem.hammer.ironhammer":6,"stat.pickup.zoocraftdiscoveries.seed_oregano":8,"stat.mineBlock.biomesoplenty.ash_block":26,"stat.craftItem.fm.obsidian_spade":1,"stat.pickup.harvestcraft.charrrawitem":2,"stat.pickup.harvestcraft.apricotitem":2,"stat.craftItem.fm.tin_leggings":1,"stat.craftItem.minecraft.cooked_fish":37,"stat.useItem.fm.obsidian_spade":12000,"stat.pickup.betternether.orange_mushroom":8,"stat.drop.zoocraftdiscoveries.seed_basil":3,"stat.pickup.fm.power_crystal":1,"stat.pickup.harvestcraft.spinachitem":1,"stat.pickup.betternether.cincinnasite_bricks_pillar":1,"stat.pickup.minecraft.furnace":3,"stat.pickup.fm.tin_ore":16,"stat.pickup.mowziesmobs.wrought_axe":1,"stat.pickup.minecraft.iron_chestplate":5,"stat.pickup.minecraft.skull":10,"stat.mineBlock.betternether.cincinnasite_pedestal":1,"stat.drop.zoocraftdiscoveries.seed_rosemary":2,"stat.pickup.harvestcraft.perchrawitem":5,"stat.craftItem.fm.obsidian_helmet":1,"stat.useItem.harvestcraft.beanitem":1,"stat.playOneMinute":1493845,"stat.drop.minecraft.string":1,"stat.pickup.harvestcraft.starfruititem":3,"stat.pickup.fm.lead_sword":1,"stat.pickup.minecraft.iron_bars":65,"stat.pickup.hammer.stonehammer":2,"stat.mineBlock.minecraft.netherrack":242,"stat.pickup.harvestcraft.tomatilloitem":1,"stat.drop.minecraft.flint":3,"stat.useItem.harvestcraft.ploughmanslunchitem":1,"stat.fallOneCm":402091,"stat.drop.minecraft.dye":2,"stat.drop.harvestcraft.perchrawitem":1,"stat.craftItem.minecraft.chest":3,"stat.useItem.harvestcraft.bellpepperitem":15,"stat.pickup.minecraft.red_mushroom":2,"stat.pickup.minecraft.feather":3,"stat.drop.minecraft.iron_leggings":2,"stat.pickup.minecraft.record_cat":6,"stat.mineBlock.minecraft.red_nether_brick":3,"stat.drop.harvestcraft.amaranthitem":1,"stat.craftItem.mca.rose_gold_ingot":8,"stat.mineBlock.fm.topaz_ore":10,"stat.useItem.minecraft.stone_pickaxe":55,"stat.useItem.minecraft.stone_sword":58,"stat.pickup.betternether.cincinnasite":2,"stat.pickup.minecraft.chainmail_boots":3,"stat.useItem.minecraft.iron_bars":14,"stat.mineBlock.minecraft.monster_egg":2,"stat.mineBlock.minecraft.quartz_stairs":4,"stat.mineBlock.harvestcraft.pampaperbark":3,"stat.drop.minecraft.stone_brick_stairs":2,"stat.pickup.mowziesmobs.ice_crystal":1,"stat.killEntity.LavaSlime":3,"stat.pickup.minecraft.log":557,"stat.useItem.zawa.raw_cichlid":1,"stat.craftItem.zawa.large_meat_cooked":6,"stat.pickup.zawa.bamboo":1,"stat.useItem.hammer.ironhammer":1592,"stat.pickup.minecraft.chainmail_leggings":4,"stat.drop.mca.engagement_ring_rg":2,"stat.drop.harvestcraft.taroitem":1,"stat.craftItem.fm.sapphire_pickaxe":1,"stat.useItem.minecraft.stone_hoe":13,"stat.useItem.minecraft.beetroot_seeds":5,"stat.sneakTime":38851,"stat.useItem.minecraft.beetroot":5,"stat.pickup.minecraft.chest":10,"stat.craftItem.minecraft.enchanting_table":1,"stat.pickup.minecraft.stone_pressure_plate":2,"stat.pickup.fm.ruby":15,"stat.swimOneCm":275753,"stat.craftItem.mca.engagement_ring_rg":1,"stat.useItem.harvestcraft.strawberryitem":15,"stat.useItem.minecraft.dirt":2673,"stat.mineBlock.betternether.nether_grass":8,"stat.pickup.harvestcraft.chickpeaitem":1,"stat.useItem.harvestcraft.barleyitem":11,"stat.pickup.zawa.carnivore_meat_raw":5,"stat.mineBlock.zawa.dried_bamboo":2,"stat.useItem.minecraft.golden_pickaxe":24,"stat.pickup.minecraft.quartz_stairs":6,"stat.pickup.minecraft.gold_block":2,"stat.mineBlock.minecraft.redstone_block":24,"stat.useItem.minecraft.stone_shovel":19,"stat.pickup.minecraft.glass_bottle":2,"stat.drop.minecraft.wheat_seeds":10,"stat.pickup.harvestcraft.lycheeitem":2,"stat.mineBlock.minecraft.coal_block":21,"stat.pickup.minecraft.stonebrick":26,"stat.drop.minecraft.beetroot_seeds":7,"stat.mineBlock.minecraft.nether_brick":38,"stat.mineBlock.minecraft.red_sandstone_stairs":24,"stat.mineBlock.betternether.stalagnate_stem":1,"stat.pickup.harvestcraft.mudfishrawitem":2,"stat.craftItem.minecraft.stone_slab2":0,"stat.useItem.harvestcraft.cucumberitem":13,"stat.craftItem.fm.mithril_sword":1,"stat.drop.zoocraftdiscoveries.seed_dill":1,"stat.drop.minecraft.potion":1,"stat.mineBlock.fm.sapphire_ore":23,"stat.craftItem.minecraft.stone":19,"stat.mineBlock.minecraft.crafting_table":10,"stat.mineBlock.fm.mithril_ore":20,"stat.mineBlock.minecraft.quartz_block":119,"stat.useItem.minecraft.carrot":84,"stat.drop.betternether.orange_mushroom":4,"stat.useItem.minecraft.wheat":151,"stat.drop.harvestcraft.lettuceitem":1,"stat.pickup.minecraft.slime_ball":8,"stat.pickup.zoocraftdiscoveries.seed_parsley":7,"stat.mineBlock.betternether.red_mold":3,"stat.pickup.harvestcraft.eggplantitem":2,"stat.pickup.minecraft.gravel":175,"stat.useItem.minecraft.glass_bottle":1,"stat.drop.minecraft.spruce_boat":1,"stat.drop.harvestcraft.milletseeditem":1,"stat.pickup.harvestcraft.kohlrabiitem":1,"stat.pickup.minecraft.stone_brick_stairs":2,"stat.drop.harvestcraft.chickpeaitem":1,"stat.drop.minecraft.cooked_porkchop":1,"stat.pickup.minecraft.iron_helmet":2,"stat.pickup.harvestcraft.peanutitem":6,"stat.pickup.minecraft.spider_eye":31,"stat.mineBlock.harvestcraft.frostgarden":10,"stat.useItem.minecraft.cooked_chicken":3,"stat.pickup.minecraft.iron_ore":176,"stat.mineBlock.mca.rose_gold_ore":10,"stat.mineBlock.minecraft.iron_bars":73,"stat.drop.zawa.worm":15,"stat.pickup.minecraft.leather":7,"stat.useItem.harvestcraft.flaxitem":6,"stat.useItem.minecraft.wooden_pickaxe":25,"stat.dispenserInspected":4,"stat.pickup.minecraft.reeds":73,"stat.drop.fm.insanity_ore":4,"stat.craftItem.minecraft.glass":16,"stat.sleepInBed":46,"stat.craftItem.minecraft.baked_potato":60,"stat.killEntity.Pig":14,"stat.pickup.zawa.rat_raw":2,"stat.walkOneCm":5682572,"stat.craftItem.fm.mithril_ingot":13,"stat.pickup.zoocraftdiscoveries.seed_lemongrass":6,"stat.useItem.minecraft.spruce_boat":16,"stat.drop.zoocraftdiscoveries.seed_bay":3,"stat.drop.minecraft.iron_chestplate":1,"stat.pickup.minecraft.stone":1492,"stat.pickup.zoocraftdiscoveries.seed_coriander":15,"stat.killEntity.Skeleton":134,"stat.pickup.harvestcraft.amaranthitem":14,"stat.drop.minecraft.chainmail_boots":1,"stat.pickup.fm.amethyst":20,"stat.killEntity.Spider":80,"stat.pickup.minecraft.quartz":14,"stat.useItem.harvestcraft.ryeitem":2,"stat.useItem.fm.onyx_axe":420,"stat.craftItem.zawa.fur":6,"stat.pickup.minecraft.water_bucket":1,"stat.mineBlock.betternether.egg_plant":51,"stat.mineBlock.minecraft.redstone_ore":17,"stat.mineBlock.harvestcraft.soggygarden":3,"stat.mineBlock.minecraft.stone":11610,"stat.useItem.minecraft.sandstone":65}