{"stat.cakeSlicesEaten":5,"stat.chestOpened":6,"stat.pickup.rustic.wildberry_bush":8,"stat.pickup.minecraft.bone":4,"stat.pickup.minecraft.iron_sword":1,"stat.pickup.minecraft.arrow":2,"stat.mineBlock.minecraft.cobblestone":9,"stat.pickup.astralsorcery.itemconstellationpaper":1,"stat.mineBlock.rustic.leaves":2,"stat.useItem.minecraft.potion":1,"stat.mineBlock.minecraft.sandstone":2,"stat.jump":676,"stat.swimOneCm":14361,"stat.pickup.minecraft.coal":3,"stat.fallOneCm":15558,"stat.climbOneCm":1487,"stat.useItem.minecraft.stone_axe":14,"stat.crouchOneCm":1951,"stat.drop.minecraft.brown_mushroom":1,"stat.pickup.minecraft.dirt":1,"stat.useItem.minecraft.stone_slab2":14,"stat.craftingTableInteraction":4,"stat.pickup.minecraft.sand":12,"stat.pickup.rustic.log":1,"stat.mineBlock.minecraft.iron_bars":5,"stat.craftItem.minecraft.stone_axe":1,"stat.mineBlock.minecraft.leaves2":7,"stat.mineBlock.minecraft.log2":18,"stat.damageTaken":443,"stat.drop.minecraft.bone":1,"stat.craftItem.minecraft.stone_pickaxe":1,"stat.pickup.minecraft.written_book":1,"stat.useItem.minecraft.wooden_pickaxe":7,"stat.pickup.minecraft.cobblestone":24,"stat.pickup.minecraft.log2":18,"stat.mineBlock.minecraft.redstone_block":1,"stat.pickup.minecraft.reeds":22,"stat.flyOneCm":71927,"stat.pickup.minecraft.bed":2,"stat.pickup.minecraft.sandstone":2,"tombstone:undead_killed":3,"stat.pickup.rustic.honeycomb":2,"stat.pickup.minecraft.wheat_seeds":7,"stat.pickup.minecraft.brown_mushroom":1,"stat.mineBlock.minecraft.sand":4,"stat.mineBlock.rustic.log":1,"stat.drop.minecraft.wheat_seeds":5,"stat.pickup.mowziesmobs.glowing_jelly":1,"stat.drop.astralsorcery.itemconstellationpaper":1,"stat.useItem.minecraft.stone_pickaxe":58,"stat.pickup.fm.l_essence_of_greed":9,"stat.damageDealt":1358,"stat.sleepInBed":2,"stat.timeSinceDeath":34540,"stat.craftItem.rustic.planks":4,"stat.mineBlock.rustic.aloe_vera":2,"stat.mineBlock.minecraft.dirt":1,"stat.craftItem.minecraft.wooden_pickaxe":1,"stat.drop.rustic.chili_pepper_seeds":1,"stat.pickup.minecraft.mutton":5,"stat.useItem.minecraft.iron_bars":3,"stat.walkOneCm":183595,"stat.craftItem.minecraft.bed":1,"stat.useItem.minecraft.bread":8,"stat.pickup.minecraft.crafting_table":2,"stat.pickup.minecraft.nether_wart":2,"stat.pickup.rustic.wildberries":2,"stat.pickup.minecraft.stonebrick":2,"stat.useItem.minecraft.cobblestone":7,"stat.craftItem.minecraft.crafting_table":1,"stat.furnaceInteraction":2,"stat.mineBlock.minecraft.double_plant":5,"stat.drop.minecraft.beetroot_seeds":3,"stat.mineBlock.minecraft.coal_ore":2,"stat.talkedToVillager":3,"stat.pickup.minecraft.redstone_block":1,"stat.pickup.minecraft.string":1,"stat.useItem.rustic.aloe_vera":3,"stat.useItem.astralsorcery.blockmarble":4,"stat.pickup.minecraft.stone":1,"stat.drop.minecraft.sapling":3,"stat.useItem.minecraft.written_book":1,"stat.pickup.minecraft.sapling":3,"stat.sprintOneCm":43571,"stat.useItem.rustic.wildberries":2,"stat.craftItem.minecraft.stick":16,"stat.pickup.tombstone.magic_scroll":1,"stat.pickup.minecraft.bone_block":22,"stat.killEntity.Skeleton":3,"stat.pickup.minecraft.beetroot":1,"stat.mineBlock.rustic.wildberry_bush":8,"stat.mineBlock.minecraft.stonebrick":2,"stat.craftItem.minecraft.planks":72,"stat.useItem.minecraft.iron_sword":23,"stat.mineBlock.minecraft.crafting_table":2,"stat.killEntity.Spider":2,"stat.mineBlock.astralsorcery.blockmarble":5,"stat.pickup.astralsorcery.itemcraftingcomponent":10,"stat.mobKills":10,"stat.pickup.minecraft.leather_leggings":1,"stat.drop.minecraft.written_book":1,"stat.drop":18,"stat.mineBlock.minecraft.leaves":7,"stat.pickup.minecraft.beetroot_seeds":3,"stat.playOneMinute":34540,"stat.killEntity.Sheep":4,"stat.sneakTime":1061,"stat.pickup.minecraft.wool":4,"stat.pickup.rustic.chili_pepper_seeds":1,"stat.pickup.astralsorcery.blockmarble":5,"stat.mineBlock.astralsorcery.blockcustomsandore":4,"stat.mineBlock.minecraft.bone_block":21,"stat.pickup.zawa.care_guide":1,"stat.pickup.minecraft.iron_bars":5,"stat.drop.minecraft.glass_bottle":1,"stat.drop.zawa.care_guide":1,"stat.pickup.rustic.aloe_vera":5,"stat.mineBlock.minecraft.stone":16,"stat.mineBlock.minecraft.tallgrass":79,"stat.diveOneCm":7519,"stat.useItem.minecraft.sandstone":1}