{"stat.useItem.minecraft.bow":59,"stat.useItem.minecraft.quartz_block":2,"stat.pickup.minecraft.wooden_slab":3,"stat.leaveGame":22,"stat.drop.minecraft.gunpowder":9,"stat.useItem.fm.uranium_sword":2374,"stat.mineBlock.aether_legacy.ambrosium_ore":17,"stat.drop.minecraft.redstone":14,"stat.pickup.tombstone.familiar_stone":14,"stat.mineBlock.rustic.leaves":2,"stat.useItem.minecraft.glowstone":16,"stat.pickup.minecraft.dark_oak_boat":3,"stat.mineBlock.minecraft.sandstone":27,"stat.craftItem.minecraft.ender_eye":1,"stat.killEntity.PigZombie":14,"stat.mineBlock.fm.insanity_ore":26,"stat.pickup.zawa.worm":3,"stat.craftItem.minecraft.shield":9,"stat.mineBlock.minecraft.web":43,"stat.drop.minecraft.feather":15,"stat.mineBlock.aether_legacy.crystal_leaves":1,"stat.drop.fm.uranium_sword":1,"stat.mineBlock.astralsorcery.blockcustomflower":1,"stat.drop.minecraft.iron_sword":2,"stat.pickup.minecraft.rotten_flesh":314,"stat.craftItem.minecraft.stone_axe":1,"stat.pickup.fm.uranium_pickaxe":2,"stat.drop.minecraft.leather_boots":2,"stat.useItem.minecraft.birch_boat":4,"stat.pickup.minecraft.bucket":1,"stat.killEntity.Enderman":66,"stat.useItem.rustic.planks":30,"stat.mineBlock.minecraft.wooden_slab":4,"stat.pickup.minecraft.leather_boots":5,"stat.mineBlock.fm.copper_ore":7,"stat.pickup.minecraft.brown_mushroom":4,"stat.mineBlock.rustic.log":19,"stat.killEntity.Witch":4,"stat.craftItem.aether_legacy.gravitite_gloves":1,"stat.pickup.fm.uranium_ore":25,"stat.mineBlock.minecraft.end_stone":241,"stat.craftItem.aether_legacy.zanite_ring":2,"stat.useItem.minecraft.iron_pickaxe":179,"stat.craftItem.minecraft.wooden_pickaxe":1,"stat.mineBlock.fm.amethyst_ore":28,"stat.pickup.minecraft.double_plant":3,"stat.craftItem.minecraft.bed":1,"stat.mineBlock.evilcraft.environmental_accumulator":3,"stat.drop.minecraft.diamond_chestplate":3,"stat.mineBlock.minecraft.vine":48,"stat.mineBlock.chisel.marble2":409,"stat.pickup.rustic.wildberries":5,"stat.pickup.minecraft.wooden_shovel":1,"stat.furnaceInteraction":76,"stat.drop.minecraft.gravel":1,"stat.pickup.aether_legacy.enchanter":1,"stat.killEntity.ZombieVillager":22,"stat.pickup.minecraft.nether_brick":156,"stat.mineBlock.aether_legacy.berry_bush":95,"stat.craftItem.fm.obsidian_leggings":4,"stat.useItem.minecraft.end_stone":211,"stat.craftItem.fm.obsidian_boots":3,"stat.pickup.zawa.large_meat_raw":1,"stat.pickup.minecraft.hay_block":42,"stat.pickup.minecraft.leather_helmet":9,"stat.drop.zawa.large_meat_raw":1,"stat.useItem.rustic.wildberries":43,"stat.mineBlock.fm.uranium_ore":25,"stat.craftItem.fm.mithril_chestplate":1,"stat.pickup.aether_legacy.neptune_gloves":7,"stat.pickup.mca.rose_gold_ore":5,"stat.useItem.minecraft.flint_and_steel":1,"stat.pickup.mowziesmobs.barakoa_mask_rage":1,"stat.drop.minecraft.nether_brick_stairs":1,"stat.mineBlock.astralsorcery.blockmarble":71,"stat.killEntity.Husk":22,"stat.mineBlock.fm.onyx_ore":15,"stat.pickup.minecraft.emerald":2,"stat.useItem.minecraft.dye":2,"stat.deaths":16,"stat.mineBlock.aether_legacy.aercloud":103,"stat.pickup.aether_legacy.dart":1,"stat.mineBlock.minecraft.stone_pressure_plate":17,"stat.useItem.minecraft.nether_brick":59,"stat.craftItem.minecraft.iron_pickaxe":1,"stat.pickup.zawa.care_guide":1,"stat.drop.minecraft.glass_bottle":1,"stat.drop.minecraft.torch":1,"stat.drop.minecraft.iron_ingot":1,"stat.pickup.chisel.marble2":394,"stat.mineBlock.minecraft.tallgrass":255,"stat.craftItem.minecraft.cooked_mutton":2,"stat.chestOpened":1032,"stat.useItem.minecraft.splash_potion":1,"stat.useItem.minecraft.stone":22,"stat.pickup.minecraft.iron_sword":4,"stat.pickup.minecraft.arrow":94,"stat.drop.betternether.lucis_spore":2,"stat.pickup.minecraft.gold_nugget":3,"stat.useItem.aether_legacy.dungeon_block":2,"stat.craftItem.minecraft.coal":54,"stat.drop.minecraft.iron_pickaxe":1,"stat.useItem.rustic.wildberry_bush":13,"stat.pickup.chisel.basalt2":29,"stat.pickup.minecraft.carrot":336,"stat.pickup.aether_legacy.gravitite_ore":9,"stat.crouchOneCm":145192,"stat.mineBlock.minecraft.chest":1,"stat.craftItem.minecraft.iron_ingot":143,"stat.pickup.rustic.grape_stem":9,"stat.craftingTableInteraction":82,"stat.craftItem.aether_legacy.enchanter":1,"stat.mineBlock.minecraft.log2":18,"stat.useItem.minecraft.reeds":8,"stat.pickup.minecraft.birch_boat":3,"stat.pickup.minecraft.dye":130,"stat.pickup.minecraft.planks":75,"stat.pickup.chisel.limestone2":25,"stat.pickup.minecraft.wheat_seeds":17,"stat.mineBlock.aether_legacy.aether_dirt":3,"stat.pickup.aether_legacy.aercloud":106,"stat.killEntity.cockatrice":3,"stat.drop.minecraft.spruce_fence":1,"stat.mineBlock.fm.adamantium_ore":1,"stat.drop.twilightforest.torchberries":2,"stat.mineBlock.betternether.nether_mycelium":1,"stat.mineBlock.minecraft.dirt":112,"stat.useItem.minecraft.bread":61,"stat.pickup.evilcraft.vengeance_pickaxe":3,"stat.useItem.zawa.reptile_meat_raw":1,"stat.drop.minecraft.rotten_flesh":53,"stat.useItem.minecraft.cobblestone":1485,"stat.useItem.minecraft.gravel":3,"stat.mineBlock.minecraft.double_plant":12,"stat.pickup.fm.joy_ore":16,"stat.pickup.minecraft.iron_pickaxe":1,"stat.drop.minecraft.iron_ore":2,"stat.drop.minecraft.carrot":10,"stat.mineBlock.minecraft.end_rod":1,"stat.useItem.minecraft.yellow_flower":1,"stat.drop.minecraft.sapling":5,"stat.craftItem.chisel.chisel_iron":1,"stat.drop.minecraft.gold_nugget":1,"stat.mineBlock.twilightforest.twilight_leaves":49,"stat.pickup.minecraft.end_stone":235,"stat.pickup.minecraft.banner":2,"stat.mineBlock.twilightforest.firefly":2,"stat.pickup.minecraft.coal_block":22,"stat.craftItem.minecraft.bucket":2,"stat.craftItem.minecraft.planks":228,"stat.useItem.minecraft.iron_sword":89,"stat.itemEnchanted":12,"stat.pickup.minecraft.book":45,"stat.mineBlock.minecraft.log":155,"stat.drop.minecraft.leather_leggings":4,"stat.pickup.minecraft.iron_door":1,"stat.pickup.minecraft.red_flower":2,"stat.pickup.minecraft.wool":31,"stat.drop.tombstone.familiar_stone":2,"stat.useItem.twilightforest.twilight_log":2,"stat.useItem.aether_legacy.gravitite_sword":6,"stat.cakeSlicesEaten":8,"stat.drop.astralsorcery.blockmarble":3,"stat.useItem.minecraft.iron_axe":84,"stat.pickup.minecraft.spruce_fence_gate":1,"stat.mineBlock.minecraft.cobblestone":344,"stat.pickup.minecraft.flint":9,"stat.mineBlock.minecraft.yellow_flower":2,"stat.pickup.aether_legacy.holystone":56,"stat.killEntity.firefly":1,"stat.mineBlock.betternether.barrel_cactus":7,"stat.pickup.minecraft.leather_chestplate":6,"stat.drop.fm.l_essence_of_greed":67,"stat.craftItem.minecraft.wool":3,"stat.mineBlock.astralsorcery.blockcustomore":3,"stat.mineBlock.fm.cyanite_ore":8,"stat.mineBlock.minecraft.stained_glass_pane":2,"stat.mineBlock.betternether.nether_cactus":4,"stat.pickup.minecraft.enchanted_book":1,"stat.pickup.minecraft.glowstone":9,"stat.drop.minecraft.cobblestone":12,"stat.useItem.minecraft.obsidian":10,"stat.useItem.minecraft.cookie":3,"stat.killEntity.swet":27,"stat.killEntity.sentry":5,"stat.useItem.minecraft.stone_slab2":310,"stat.pickup.minecraft.bow":8,"stat.pickup.minecraft.iron_boots":13,"stat.craftItem.aether_legacy.gravitite_axe":1,"stat.pickup.fm.aluminum_ore":18,"stat.craftItem.minecraft.furnace":5,"stat.pickup.aether_legacy.skyroot_sapling":17,"stat.pickup.minecraft.golden_axe":1,"stat.craftItem.minecraft.spruce_boat":1,"stat.pickup.minecraft.nether_wart_block":1,"stat.mineBlock.minecraft.obsidian":120,"stat.pickup.aether_legacy.aether_dirt":8,"stat.craftItem.minecraft.bow":3,"stat.pickup.minecraft.diamond_leggings":4,"stat.flyOneCm":3956588,"stat.drop.minecraft.iron_helmet":2,"stat.pickup.minecraft.sandstone":31,"stat.pickup.rustic.honeycomb":2,"stat.pickup.fm.cyanite":8,"stat.pickup.minecraft.nether_brick_stairs":26,"stat.pickup.mowziesmobs.glowing_jelly":1,"stat.pickup.rustic.slate":7,"stat.pickup.fm.l_essence_of_greed":956,"stat.drop.minecraft.chainmail_chestplate":1,"stat.timeSinceDeath":71809,"stat.craftItem.rustic.planks":16,"stat.drop.minecraft.spider_eye":3,"stat.useItem.minecraft.wooden_slab":50,"stat.craftItem.minecraft.iron_block":3,"stat.killEntity.Bat":1,"stat.drop.astralsorcery.blockcustomore":1,"stat.pickup.travelersbackpack.travelers_backpack":7,"stat.useItem.minecraft.potato":1,"stat.pickup.minecraft.chainmail_helmet":1,"stat.pickup.minecraft.nether_wart":21,"stat.pickup.minecraft.spruce_fence":6,"stat.drop.aether_legacy.moa_egg":1,"stat.mineBlock.minecraft.coal_ore":205,"stat.killEntity.Creeper":34,"stat.pickup.minecraft.shield":31,"stat.talkedToVillager":33,"stat.pickup.rustic.planks":4,"stat.pickup.minecraft.string":209,"stat.pickup.tombstone.crafting_ingredient":80,"stat.useItem.minecraft.milk_bucket":1,"stat.drop.minecraft.obsidian":1,"stat.pickup.betternether.bone_block":1,"stat.useItem.minecraft.written_book":4,"stat.pickup.zawa.reptile_meat_raw":2,"stat.drop.betternether.egg_plant":24,"stat.sprintOneCm":2463840,"stat.useItem.aether_legacy.aercloud":16,"stat.mineBlock.minecraft.stone_slab":4,"stat.pickup.minecraft.bone_block":22,"stat.pickup.betternether.lucis_spore":3,"stat.useItem.tombstone.magic_scroll":8,"stat.mineBlock.rustic.wildberry_bush":15,"stat.useItem.minecraft.snowball":154,"stat.mineBlock.minecraft.diamond_ore":24,"stat.pickup.minecraft.leather_leggings":8,"stat.pickup.minecraft.sugar":3,"stat.useItem.minecraft.banner":1,"stat.mineBlock.aether_legacy.aether_log":221,"stat.useItem.aether_legacy.gravitite_axe":473,"stat.killEntity.Zombie":443,"stat.pickup.minecraft.snowball":361,"stat.craftItem.minecraft.dye":5,"stat.pickup.fm.obsidian_chestplate":1,"stat.mineBlock.minecraft.gold_ore":45,"stat.diveOneCm":108602,"stat.drop.minecraft.diamond_pickaxe":1,"stat.pickup.minecraft.wheat":2,"stat.useItem.zawa.rat_raw":1,"stat.mineBlock.minecraft.mossy_cobblestone":2,"stat.useItem.fm.uranium_pickaxe":2892,"stat.craftItem.fm.uranium_pickaxe":1,"stat.craftItem.fm.obsidian_sword":2,"stat.pickup.minecraft.stone_axe":2,"stat.pickup.minecraft.obsidian":108,"stat.mineBlock.fm.silver_ore":3,"stat.useItem.minecraft.rotten_flesh":16,"stat.pickup.aether_legacy.dungeon_block":11,"stat.pickup.betternether.black_bush":2,"stat.drop.minecraft.sandstone":2,"stat.jump":21902,"stat.pickup.minecraft.coal":278,"stat.pickup.minecraft.iron_ingot":10,"stat.useItem.minecraft.dark_oak_boat":4,"stat.pickup.minecraft.gunpowder":39,"stat.useItem.aether_legacy.white_apple":1,"stat.craftItem.minecraft.torch":404,"stat.pickup.minecraft.dirt":141,"stat.pickup.evilcraft.dark_gem_crushed":22,"stat.mineBlock.minecraft.spruce_fence_gate":1,"stat.mineBlock.minecraft.purpur_block":2,"stat.mineBlock.fm.lead_ore":6,"stat.pickup.rustic.log":19,"stat.useItem.minecraft.sapling":3,"stat.pickup.minecraft.gold_ore":46,"stat.mineBlock.minecraft.lapis_ore":15,"stat.mineBlock.betternether.bone_block":1,"stat.pickup.minecraft.iron_axe":2,"stat.brewingstandInteraction":4,"stat.damageTaken":23925,"stat.pickup.twilightforest.firefly":2,"stat.pickup.minecraft.written_book":3,"stat.mineBlock.minecraft.red_flower":3,"stat.mineBlock.minecraft.torch":51,"stat.pickup.minecraft.log2":18,"stat.craftItem.minecraft.glowstone":17,"stat.craftItem.aether_legacy.skyroot_plank":128,"stat.useItem.aether_legacy.notch_hammer":1,"stat.craftItem.msmlegacy.eye_end_blade":1,"stat.pickup.astralsorcery.blockcustomore":1,"stat.pickup.minecraft.bed":6,"stat.pickup.minecraft.quartz_block":13,"stat.pickup.minecraft.potato":2,"stat.killEntity.Shulker":22,"stat.useItem.forge.bucketfilled":1,"stat.mineBlock.aether_legacy.enchanter":1,"stat.mineBlock.aether_legacy.holystone":56,"stat.killEntity.Silverfish":16,"stat.pickup.minecraft.shulker_shell":6,"stat.animalsBred":3,"stat.useItem.minecraft.chest":3,"stat.pickup.minecraft.diamond_pickaxe":2,"stat.drop.aether_legacy.skyroot_sapling":1,"stat.pickup.fm.lead_ore":7,"stat.useItem.minecraft.lava_bucket":5,"stat.drop.elevatorid.elevator_white":2,"stat.pickup.aether_legacy.aechor_petal":9,"stat.drop.minecraft.netherrack":2,"stat.craftItem.minecraft.wheat":135,"stat.useItem.tombstone.gift":2,"stat.pickup.aether_legacy.aether_log":285,"stat.shulkerBoxOpened":13,"stat.mineBlock.evilcraft.nether_monster_block":1,"stat.drop.betternether.nether_mycelium":1,"stat.pickup.minecraft.ender_pearl":37,"stat.useItem.minecraft.netherrack":128,"stat.killEntity.Stray":1,"stat.mineBlock.aether_legacy.aether_grass":5,"stat.craftItem.travelersbackpack.sleeping_bag_bottom":1,"stat.pickup.biomesoplenty.gem":2,"stat.drop.aether_legacy.gravitite_gloves":1,"stat.pickup.aether_legacy.icestone":11,"stat.mineBlock.minecraft.stonebrick":7,"stat.mineBlock.minecraft.glowstone":21,"stat.mobKills":1212,"stat.pickup.minecraft.diamond_boots":3,"stat.mineBlock.minecraft.bookshelf":15,"stat.drop.tombstone.magic_scroll":4,"stat.craftItem.minecraft.shears":1,"stat.craftItem.aether_legacy.gravitite_sword":1,"stat.drop.minecraft.written_book":3,"stat.pickup.minecraft.diamond":33,"stat.pickup.minecraft.beetroot_seeds":3,"stat.pickup.minecraft.torch":72,"stat.pickup.astralsorcery.blockmarble":77,"stat.mineBlock.astralsorcery.blockcustomsandore":4,"stat.pickup.aether_legacy.purple_flower":4,"stat.pickup.evilcraft.werewolf_flesh":1,"stat.drop.minecraft.arrow":5,"stat.pickup.aether_legacy.zanite_gemstone":10,"stat.useItem.minecraft.string":1,"stat.useItem.minecraft.end_bricks":6,"stat.pickup.minecraft.deadbush":1,"stat.useItem.minecraft.bookshelf":11,"stat.craftItem.fm.uranium_sword":3,"stat.drop.rustic.grape_stem":8,"stat.killEntity.sheepuff":1,"stat.mineBlock.minecraft.purple_shulker_box":9,"stat.killEntity.Blaze":78,"stat.pickup.astralsorcery.itemconstellationpaper":1,"stat.pickup.minecraft.lapis_block":1,"stat.drop.minecraft.shield":16,"stat.useItem.minecraft.mutton":1,"stat.pickup.evilcraft.environmental_accumulation_core":3,"stat.useItem.minecraft.planks":56,"stat.pickup.minecraft.golden_boots":4,"stat.pickup.minecraft.glowstone_dust":70,"stat.craftItem.astralsorcery.itemwand":1,"stat.mineBlock.fm.ruby_ore":13,"stat.useItem.minecraft.water_bucket":251,"stat.mineBlock.aether_legacy.dungeon_block":4,"stat.pickup.minecraft.sand":36,"stat.drop.minecraft.golden_leggings":2,"stat.pickup.betternether.egg_plant":24,"stat.mineBlock.aether_legacy.gravitite_ore":10,"stat.pickup.aether_legacy.skyroot_plank":1,"stat.pickup.fm.adamantium_ore":7,"stat.pickup.fm.copper_ore":9,"stat.mineBlock.twilightforest.twilight_log":13,"stat.aviateOneCm":2652082,"stat.drop.fm.obsidian_sword":1,"stat.drop.fm.obsidian_pickaxe":1,"stat.mineBlock.minecraft.snow_layer":169,"stat.useItem.minecraft.ender_pearl":14,"stat.pickup.minecraft.chainmail_chestplate":2,"stat.mineBlock.minecraft.sand":28,"stat.killEntity.twilightforest.kobold":1,"stat.craftItem.fm.uranium_ingot":5,"stat.craftItem.minecraft.blaze_powder":4,"stat.useItem.aether_legacy.purple_flower":2,"stat.hopperInspected":1,"stat.drop.astralsorcery.itemjournal":2,"stat.killEntity.twilightforest.skeleton_druid":4,"stat.drop.evilcraft.vengeance_pickaxe":1,"stat.pickup.astralsorcery.itemjournal":2,"stat.trappedChestTriggered":2,"stat.mineBlock.minecraft.lapis_block":1,"stat.useItem.minecraft.cooked_mutton":2,"stat.pickup.minecraft.furnace":1,"stat.drop.minecraft.diamond_helmet":2,"stat.mineBlock.minecraft.end_bricks":18,"stat.pickup.aether_legacy.ambrosium_shard":17,"stat.mineBlock.aether_legacy.aether_leaves":88,"stat.craftItem.travelersbackpack.travelers_backpack":1,"stat.pickup.fm.tin_ore":2,"stat.pickup.minecraft.iron_chestplate":13,"stat.pickup.minecraft.end_rod":1,"stat.pickup.minecraft.skull":5,"stat.pickup.tombstone.magic_scroll":28,"stat.useItem.aether_legacy.skyroot_plank":113,"stat.drop.minecraft.snowball":4,"stat.craftItem.fm.obsidian_helmet":2,"stat.pickup.evilcraft.ender_tear":8,"stat.mineBlock.minecraft.soul_sand":4,"stat.playOneMinute":1143783,"stat.pickup.minecraft.blaze_rod":37,"stat.drop.minecraft.string":13,"stat.pickup.minecraft.diamond_block":4,"stat.craftItem.fm.obsidian_pickaxe":1,"stat.pickup.minecraft.iron_bars":66,"stat.drop.aether_legacy.neptune_gloves":5,"stat.pickup.rustic.aloe_vera":5,"stat.pickup.fm.topaz":23,"stat.pickup.aether_legacy.white_apple":2,"stat.pickup.minecraft.netherrack":225,"stat.pickup.fm.sapphire":12,"stat.mineBlock.minecraft.netherrack":245,"stat.mineBlock.minecraft.ice":6,"stat.craftItem.aether_legacy.gravitite_shovel":1,"stat.drop.minecraft.flint":2,"stat.mineBlock.rustic.slate":3,"stat.fallOneCm":622385,"stat.drop.minecraft.stone":19,"stat.craftItem.aether_legacy.skyroot_stick":12,"stat.craftItem.minecraft.chest":4,"stat.pickup.minecraft.golden_leggings":2,"stat.craftItem.astralsorcery.blockblackmarble":8,"stat.mineBlock.minecraft.nether_wart_block":1,"stat.pickup.minecraft.milk_bucket":1,"stat.pickup.betternether.barrel_cactus":7,"stat.mineBlock.aether_legacy.icestone":11,"stat.pickup.minecraft.feather":15,"stat.drop.minecraft.iron_leggings":3,"stat.drop.minecraft.bone":10,"stat.useItem.minecraft.furnace":1,"stat.mineBlock.fm.topaz_ore":23,"stat.mineBlock.minecraft.spruce_fence":6,"stat.pickup.minecraft.iron_leggings":7,"stat.mineBlock.minecraft.gravel":29,"stat.useItem.minecraft.stone_pickaxe":291,"stat.pickup.fm.onyx":15,"stat.useItem.minecraft.wool":2,"stat.mineBlock.rustic.aloe_vera":2,"stat.pickup.minecraft.chainmail_boots":2,"stat.drop.minecraft.stick":3,"stat.useItem.minecraft.iron_bars":27,"stat.drop.minecraft.iron_axe":1,"stat.mineBlock.minecraft.quartz_stairs":22,"stat.useItem.minecraft.torch":596,"stat.pickup.minecraft.golden_apple":1,"stat.drop.tombstone.crafting_ingredient":6,"stat.pickup.mowziesmobs.ice_crystal":2,"stat.pickup.minecraft.crafting_table":8,"stat.craftItem.minecraft.crafting_table":6,"stat.mineBlock.fm.aluminum_ore":6,"stat.pickup.minecraft.redstone_block":1,"stat.pickup.aether_legacy.lightning_sword":1,"stat.pickup.minecraft.log":254,"stat.useItem.minecraft.cooked_fish":7,"stat.craftItem.twilightforest.twilight_oak_planks":16,"stat.useItem.rustic.aloe_vera":3,"stat.drop.zawa.blubber":3,"stat.pickup.minecraft.tallgrass":1,"stat.pickup.minecraft.chainmail_leggings":1,"stat.pickup.minecraft.sapling":9,"stat.pickup.aether_legacy.dungeon_key":1,"stat.entityKilledBy.Enderman":2,"stat.craftItem.astralsorcery.blockaltar":1,"stat.drop.minecraft.bow":5,"stat.pickup.minecraft.beetroot":1,"stat.drop.minecraft.golden_chestplate":1,"stat.useItem.aether_legacy.lightning_sword":22,"stat.pickup.minecraft.diamond_helmet":3,"stat.killEntity.WitherSkeleton":8,"stat.pickup.minecraft.golden_sword":1,"stat.pickup.evilcraft.effortless_ring":1,"stat.pickup.betternether.nether_mycelium":2,"stat.drop.aether_legacy.swetty_ball":4,"stat.useItem.aether_legacy.aether_dirt":2,"stat.drop.aether_legacy.aercloud":9,"stat.sneakTime":47284,"stat.pickup.rustic.chili_pepper_seeds":7,"stat.drop.minecraft.bucket":1,"stat.craftItem.minecraft.spruce_fence_gate":1,"stat.pickup.aether_legacy.zanite_ring":4,"stat.drop.minecraft.yellow_flower":2,"stat.pickup.minecraft.stone_slab":8,"stat.pickup.minecraft.yellow_flower":8,"stat.useItem.minecraft.beetroot":1,"stat.pickup.minecraft.chest":11,"stat.pickup.minecraft.bone":107,"stat.drop.minecraft.sugar":2,"stat.pickup.minecraft.stone_pressure_plate":17,"stat.pickup.fm.ruby":15,"stat.pickup.minecraft.record_blocks":1,"stat.pickup.evilcraft.blood_extractor":5,"stat.drop.minecraft.leather_helmet":3,"stat.mineBlock.aether_legacy.quicksoil":1,"stat.pickup.fm.mithril_ore":29,"stat.swimOneCm":244938,"stat.mineBlock.minecraft.diamond_block":4,"stat.climbOneCm":44444,"stat.killEntity.mimic":8,"stat.mineBlock.evilcraft.dark_ore":31,"stat.drop.minecraft.brown_mushroom":2,"stat.useItem.minecraft.dirt":16,"stat.drop.minecraft.quartz":6,"stat.mineBlock.betternether.nether_grass":9,"stat.pickup.minecraft.purpur_block":1,"stat.drop.zawa.rat_raw":1,"stat.pickup.minecraft.anvil":1,"stat.craftItem.minecraft.stone_pickaxe":3,"stat.pickup.minecraft.cobblestone":1762,"stat.pickup.minecraft.quartz_stairs":18,"stat.mineBlock.minecraft.carpet":2,"stat.mineBlock.minecraft.redstone_block":1,"stat.mineBlock.chisel.limestone2":27,"stat.useItem.minecraft.stone_shovel":208,"stat.pickup.minecraft.clay":1,"stat.useItem.tombstone.scroll_buff":1,"stat.pickup.minecraft.soul_sand":2,"stat.useItem.chisel.limestone2":3,"stat.drop.minecraft.wheat_seeds":15,"stat.drop.astralsorcery.itemconstellationpaper":1,"stat.pickup.aether_legacy.blue_berry":179,"stat.useItem.minecraft.cooked_beef":2,"stat.pickup.minecraft.cactus":1,"stat.useItem.fm.topaz_pickaxe":1160,"stat.pickup.aether_legacy.moa_egg":2,"stat.pickup.minecraft.dragon_egg":1,"stat.pickup.minecraft.redstone":114,"stat.mineBlock.minecraft.iron_ore":305,"stat.useItem.aether_legacy.blue_berry":173,"stat.drop.minecraft.log":1,"stat.pickup.minecraft.mutton":8,"stat.drop.rustic.chili_pepper_seeds":4,"stat.pickup.minecraft.mossy_cobblestone":4,"stat.mineBlock.minecraft.coal_block":22,"stat.drop.minecraft.golden_boots":3,"stat.pickup.minecraft.stonebrick":7,"stat.drop.minecraft.dirt":17,"stat.pickup.minecraft.iron_shovel":1,"stat.pickup.minecraft.carpet":2,"stat.drop.minecraft.beetroot_seeds":3,"stat.pickup.minecraft.diamond_shovel":1,"stat.mineBlock.minecraft.nether_brick":151,"stat.pickup.aether_legacy.swetty_ball":16,"stat.pickup.fm.uranium_sword":2,"stat.drop.astralsorcery.itemwand":1,"stat.useItem.betternether.barrel_cactus":3,"stat.useItem.astralsorcery.blockmarble":14,"stat.mineBlock.rustic.planks":4,"stat.mineBlock.betternether.agave":2,"stat.craftItem.minecraft.stone_slab2":0,"stat.useItem.minecraft.spruce_fence":19,"stat.pickup.zawa.blubber":3,"stat.drop.rustic.tomato_seeds":10,"stat.pickup.minecraft.paper":1,"stat.craftItem.minecraft.stick":144,"stat.drop.fm.uranium_pickaxe":2,"stat.useItem.minecraft.stone_slab":52,"stat.mineBlock.fm.sapphire_ore":12,"stat.mineBlock.minecraft.crafting_table":8,"stat.useItem.minecraft.stone_pressure_plate":11,"stat.mineBlock.fm.mithril_ore":29,"stat.mineBlock.minecraft.quartz_block":30,"stat.useItem.minecraft.carrot":271,"stat.killEntity.Endermite":1,"stat.drop.minecraft.golden_apple":1,"stat.pickup.minecraft.diamond_chestplate":5,"stat.entityKilledBy.Creeper":1,"stat.mineBlock.minecraft.planks":10,"stat.drop":491,"stat.mineBlock.aether_legacy.zanite_ore":10,"stat.killEntity.Sheep":4,"stat.drop.minecraft.iron_boots":7,"stat.killEntity.aechor_plant":10,"stat.pickup.minecraft.golden_chestplate":2,"stat.pickup.minecraft.purpur_pillar":2,"stat.pickup.rustic.wildberry_bush":14,"stat.useItem.minecraft.quartz_stairs":4,"stat.pickup.minecraft.gravel":34,"stat.mineBlock.fm.joy_ore":16,"stat.mineBlock.minecraft.anvil":1,"stat.pickup.minecraft.purple_shulker_box":9,"stat.useItem.minecraft.apple":6,"stat.mineBlock.minecraft.deadbush":1,"stat.useItem.minecraft.potion":3,"stat.pickup.twilightforest.torchberries":3,"stat.pickup.astralsorcery.itemrockcrystalsimple":10,"stat.mineBlock.minecraft.purpur_pillar":2,"stat.craftItem.travelersbackpack.backpack_tank":2,"stat.pickup.minecraft.iron_helmet":5,"stat.craftItem.minecraft.birch_boat":1,"stat.useItem.minecraft.stone_axe":62,"stat.pickup.minecraft.spider_eye":49,"stat.pickup.zawa.pyropia":1,"stat.pickup.minecraft.iron_ore":312,"stat.mineBlock.mca.rose_gold_ore":5,"stat.boatOneCm":277183,"stat.mineBlock.minecraft.iron_bars":68,"stat.craftItem.minecraft.flint_and_steel":1,"stat.pickup.rustic.tomato_seeds":11,"stat.mineBlock.minecraft.leaves2":12,"stat.drop.zawa.worm":1,"stat.pickup.minecraft.leather":2,"stat.pickup.fm.silver_ore":3,"stat.mineBlock.minecraft.furnace":1,"stat.useItem.minecraft.wooden_pickaxe":7,"stat.dispenserInspected":6,"stat.mineBlock.fm.tin_ore":2,"stat.pickup.evilcraft.dark_gem":77,"stat.pickup.betternether.nether_cactus":5,"stat.drop.rustic.core_root":1,"stat.pickup.minecraft.reeds":217,"stat.killEntity.CaveSpider":5,"stat.drop.aether_legacy.zanite_ring":3,"tombstone:undead_killed":623,"stat.damageDealt":234682,"stat.craftItem.minecraft.glass":46,"stat.killEntity.zephyr":4,"stat.pickup.aether_legacy.quicksoil":1,"stat.pickup.betternether.agave":3,"stat.sleepInBed":40,"stat.pickup.twilightforest.twilight_log":12,"stat.craftItem.minecraft.anvil":1,"stat.mineBlock.minecraft.nether_brick_stairs":35,"stat.pickup.minecraft.end_bricks":18,"stat.pickup.aether_legacy.victory_medal":6,"stat.pickup.fm.insanity_ore":26,"stat.pickup.zawa.rat_raw":2,"stat.craftItem.minecraft.stone_shovel":2,"stat.walkOneCm":3361241,"stat.craftItem.fm.mithril_ingot":26,"stat.pickup.minecraft.stick":4,"stat.craftItem.elevatorid.elevator_white":2,"stat.useItem.minecraft.spruce_boat":1,"stat.craftItem.fm.topaz_pickaxe":1,"stat.craftItem.aether_legacy.cold_parachute":4,"stat.mineBlock.chisel.basalt2":58,"stat.useItem.fm.obsidian_sword":407,"stat.craftItem.aether_legacy.golden_parachute":1,"stat.drop.minecraft.leather_chestplate":5,"stat.drop.minecraft.iron_chestplate":3,"stat.pickup.minecraft.stone":168,"stat.mineBlock.minecraft.wool":2,"stat.drop.minecraft.diamond_leggings":1,"stat.craftItem.fm.obsidian_chestplate":3,"stat.pickup.minecraft.air":0,"stat.pickup.minecraft.chorus_fruit":9,"stat.useItem.evilcraft.vengeance_pickaxe":4,"stat.killEntity.Skeleton":109,"stat.mineBlock.minecraft.cactus":1,"stat.pickup.fm.amethyst":28,"stat.killEntity.Spider":208,"stat.mineBlock.biomesoplenty.flesh":1,"stat.mineBlock.minecraft.quartz_ore":11,"stat.pickup.astralsorcery.itemcraftingcomponent":10,"stat.drop.minecraft.diamond_boots":1,"stat.pickup.minecraft.quartz":27,"stat.pickup.minecraft.golden_shovel":1,"stat.mineBlock.minecraft.leaves":82,"stat.mineBlock.betternether.egg_plant":25,"stat.mineBlock.minecraft.redstone_ore":18,"stat.pickup.minecraft.elytra":3,"stat.pickup.rustic.core_root":1,"stat.mineBlock.minecraft.bone_block":21,"stat.mineBlock.minecraft.hay_block":42,"stat.drop.zawa.care_guide":1,"stat.mineBlock.minecraft.stone":1314,"stat.useItem.aether_legacy.gravitite_shovel":2,"stat.useItem.minecraft.sandstone":15,"stat.pickup.astralsorcery.itemwand":1}