{"stat.cakeSlicesEaten":5,"stat.pickup.minecraft.bone":6,"stat.mineBlock.minecraft.cobblestone":58,"stat.pickup.minecraft.flint":1,"stat.mineBlock.minecraft.yellow_flower":1,"stat.drop.minecraft.redstone":2,"stat.pickup.astralsorcery.itemconstellationpaper":1,"stat.mineBlock.rustic.leaves":2,"stat.pickup.fm.mithril_ore":1,"stat.mineBlock.minecraft.sandstone":4,"stat.swimOneCm":81347,"stat.mineBlock.fm.insanity_ore":12,"stat.climbOneCm":1487,"stat.drop.minecraft.cobblestone":2,"stat.mineBlock.evilcraft.dark_ore":2,"stat.drop.minecraft.brown_mushroom":2,"stat.useItem.minecraft.obsidian":10,"stat.useItem.minecraft.cookie":3,"stat.useItem.minecraft.dirt":7,"stat.useItem.minecraft.stone_slab2":58,"stat.drop.minecraft.iron_sword":1,"stat.useItem.minecraft.water_bucket":38,"stat.pickup.minecraft.rotten_flesh":15,"stat.pickup.minecraft.sand":12,"stat.craftItem.minecraft.furnace":5,"stat.craftItem.minecraft.stone_axe":1,"stat.drop.zawa.rat_raw":1,"stat.craftItem.minecraft.stone_pickaxe":3,"stat.killEntity.Enderman":1,"stat.mineBlock.minecraft.obsidian":78,"stat.pickup.minecraft.cobblestone":293,"stat.pickup.fm.copper_ore":3,"stat.mineBlock.minecraft.redstone_block":1,"stat.mineBlock.chisel.limestone2":2,"stat.useItem.minecraft.stone_shovel":99,"stat.mineBlock.fm.copper_ore":3,"stat.flyOneCm":342217,"stat.pickup.minecraft.sandstone":4,"stat.mineBlock.minecraft.snow_layer":87,"stat.pickup.rustic.honeycomb":2,"stat.pickup.minecraft.brown_mushroom":2,"stat.mineBlock.minecraft.sand":4,"stat.mineBlock.rustic.log":1,"stat.drop.minecraft.wheat_seeds":6,"stat.pickup.mowziesmobs.glowing_jelly":1,"stat.drop.astralsorcery.itemconstellationpaper":1,"stat.pickup.rustic.slate":4,"stat.pickup.fm.l_essence_of_greed":37,"stat.pickup.minecraft.cactus":1,"stat.useItem.fm.topaz_pickaxe":159,"stat.pickup.fm.uranium_ore":9,"stat.pickup.minecraft.redstone":2,"stat.mineBlock.minecraft.iron_ore":42,"stat.timeSinceDeath":53,"stat.craftItem.rustic.planks":4,"stat.useItem.minecraft.iron_pickaxe":179,"stat.craftItem.minecraft.wooden_pickaxe":1,"stat.drop.minecraft.spider_eye":1,"stat.pickup.minecraft.mutton":7,"stat.drop.rustic.chili_pepper_seeds":2,"stat.mineBlock.fm.amethyst_ore":5,"stat.pickup.minecraft.double_plant":2,"stat.craftItem.minecraft.bed":1,"stat.useItem.minecraft.potato":1,"stat.pickup.minecraft.nether_wart":2,"stat.pickup.rustic.wildberries":5,"stat.pickup.minecraft.stonebrick":2,"stat.furnaceInteraction":21,"stat.drop.minecraft.gravel":1,"stat.drop.minecraft.dirt":3,"stat.drop.minecraft.beetroot_seeds":3,"stat.mineBlock.minecraft.coal_ore":61,"stat.killEntity.Creeper":1,"stat.talkedToVillager":18,"stat.pickup.minecraft.string":5,"stat.craftItem.fm.obsidian_leggings":2,"stat.useItem.astralsorcery.blockmarble":6,"stat.craftItem.fm.obsidian_boots":2,"stat.pickup.zawa.large_meat_raw":1,"stat.useItem.minecraft.cooked_mutton":2,"stat.pickup.minecraft.furnace":1,"stat.pickup.tombstone.crafting_ingredient":2,"stat.craftItem.minecraft.stone_slab2":0,"stat.useItem.minecraft.written_book":1,"stat.sprintOneCm":181528,"stat.drop.zawa.large_meat_raw":1,"stat.useItem.rustic.wildberries":17,"stat.mineBlock.fm.uranium_ore":9,"stat.craftItem.minecraft.stick":40,"stat.pickup.tombstone.magic_scroll":1,"stat.pickup.minecraft.bone_block":22,"stat.pickup.mca.rose_gold_ore":3,"stat.mineBlock.rustic.wildberry_bush":15,"stat.useItem.minecraft.snowball":95,"stat.useItem.minecraft.flint_and_steel":1,"stat.mineBlock.minecraft.crafting_table":4,"stat.mineBlock.astralsorcery.blockmarble":31,"stat.mineBlock.fm.mithril_ore":1,"stat.drop.minecraft.golden_apple":1,"stat.pickup.minecraft.emerald":2,"stat.pickup.minecraft.leather_leggings":1,"stat.craftItem.fm.obsidian_helmet":2,"stat.entityKilledBy.Creeper":1,"stat.deaths":4,"stat.drop":52,"stat.playOneMinute":143440,"stat.killEntity.Sheep":4,"stat.craftItem.minecraft.iron_pickaxe":1,"stat.killEntity.Zombie":6,"stat.pickup.zawa.care_guide":1,"stat.pickup.minecraft.snowball":191,"stat.pickup.minecraft.iron_bars":5,"stat.drop.minecraft.glass_bottle":1,"stat.pickup.rustic.aloe_vera":5,"stat.pickup.fm.topaz":9,"stat.pickup.chisel.marble2":1,"stat.mineBlock.minecraft.gold_ore":8,"stat.mineBlock.minecraft.tallgrass":115,"stat.craftItem.minecraft.cooked_mutton":2,"stat.diveOneCm":15600,"stat.chestOpened":40,"stat.useItem.zawa.rat_raw":1,"stat.pickup.rustic.wildberry_bush":14,"stat.useItem.minecraft.stone":1,"stat.pickup.minecraft.gravel":1,"stat.pickup.minecraft.iron_sword":2,"stat.pickup.minecraft.arrow":2,"stat.useItem.minecraft.apple":4,"stat.pickup.minecraft.obsidian":76,"stat.useItem.minecraft.potion":1,"stat.useItem.minecraft.rotten_flesh":6,"stat.drop.minecraft.iron_pickaxe":1,"stat.useItem.rustic.wildberry_bush":13,"stat.drop.minecraft.sandstone":2,"stat.jump":2615,"stat.pickup.minecraft.coal":67,"stat.fallOneCm":74522,"stat.pickup.minecraft.iron_ingot":3,"stat.pickup.chisel.basalt2":3,"stat.useItem.minecraft.stone_axe":30,"stat.crouchOneCm":10618,"stat.pickup.minecraft.spider_eye":3,"stat.craftItem.minecraft.torch":72,"stat.craftItem.minecraft.chest":2,"stat.craftItem.minecraft.iron_ingot":47,"stat.pickup.minecraft.dirt":43,"stat.pickup.evilcraft.dark_gem_crushed":1,"stat.mineBlock.fm.lead_ore":4,"stat.craftingTableInteraction":24,"stat.pickup.minecraft.iron_ore":47,"stat.pickup.rustic.log":1,"stat.mineBlock.mca.rose_gold_ore":3,"stat.mineBlock.minecraft.iron_bars":5,"stat.useItem.minecraft.sapling":3,"stat.pickup.minecraft.gold_ore":8,"stat.mineBlock.minecraft.lapis_ore":2,"stat.craftItem.minecraft.flint_and_steel":1,"stat.mineBlock.minecraft.leaves2":7,"stat.mineBlock.minecraft.log2":18,"stat.damageTaken":2085,"stat.drop.minecraft.bone":1,"stat.pickup.minecraft.written_book":1,"stat.mineBlock.minecraft.red_flower":1,"stat.mineBlock.minecraft.torch":20,"stat.mineBlock.minecraft.furnace":1,"stat.useItem.minecraft.wooden_pickaxe":7,"stat.useItem.minecraft.furnace":1,"stat.pickup.evilcraft.dark_gem":5,"stat.mineBlock.fm.topaz_ore":9,"stat.pickup.minecraft.log2":18,"stat.pickup.minecraft.dye":12,"stat.pickup.minecraft.reeds":22,"stat.pickup.chisel.limestone2":2,"stat.pickup.minecraft.bed":5,"tombstone:undead_killed":10,"stat.pickup.minecraft.wheat_seeds":8,"stat.pickup.minecraft.potato":1,"stat.mineBlock.minecraft.gravel":2,"stat.useItem.minecraft.stone_pickaxe":291,"stat.damageDealt":5256,"stat.sleepInBed":5,"stat.mineBlock.rustic.aloe_vera":2,"stat.mineBlock.minecraft.dirt":34,"stat.pickup.fm.insanity_ore":12,"stat.pickup.zawa.rat_raw":2,"stat.useItem.minecraft.iron_bars":3,"stat.craftItem.minecraft.stone_shovel":1,"stat.walkOneCm":485037,"stat.useItem.minecraft.bread":10,"stat.useItem.minecraft.torch":72,"stat.pickup.minecraft.golden_apple":1,"stat.useItem.minecraft.chest":1,"stat.drop.tombstone.crafting_ingredient":2,"stat.pickup.minecraft.crafting_table":4,"stat.useItem.minecraft.cobblestone":132,"stat.craftItem.minecraft.crafting_table":3,"stat.mineBlock.minecraft.double_plant":6,"stat.pickup.fm.lead_ore":5,"stat.craftItem.fm.topaz_pickaxe":1,"stat.mineBlock.chisel.basalt2":3,"stat.pickup.minecraft.redstone_block":1,"stat.pickup.minecraft.log":10,"stat.useItem.minecraft.cooked_fish":3,"stat.useItem.rustic.aloe_vera":3,"stat.useItem.tombstone.gift":1,"stat.drop.minecraft.carrot":10,"stat.pickup.minecraft.stone":43,"stat.drop.minecraft.sapling":4,"stat.pickup.minecraft.sapling":8,"stat.entityKilledBy.Enderman":2,"stat.craftItem.fm.obsidian_chestplate":2,"stat.killEntity.Skeleton":4,"stat.pickup.minecraft.beetroot":1,"stat.mineBlock.minecraft.cactus":1,"stat.pickup.biomesoplenty.gem":2,"stat.craftItem.minecraft.bucket":1,"stat.mineBlock.minecraft.stonebrick":2,"stat.craftItem.minecraft.planks":112,"stat.useItem.minecraft.iron_sword":89,"stat.pickup.fm.amethyst":5,"stat.killEntity.Spider":8,"stat.pickup.astralsorcery.itemcraftingcomponent":10,"stat.mobKills":32,"stat.mineBlock.minecraft.log":9,"stat.drop.minecraft.written_book":1,"stat.pickup.minecraft.diamond":2,"stat.mineBlock.minecraft.leaves":44,"stat.pickup.minecraft.beetroot_seeds":3,"stat.pickup.minecraft.torch":24,"stat.mineBlock.minecraft.redstone_ore":2,"stat.sneakTime":7040,"stat.pickup.minecraft.wool":4,"stat.pickup.rustic.chili_pepper_seeds":3,"stat.pickup.astralsorcery.blockmarble":30,"stat.mineBlock.astralsorcery.blockcustomsandore":4,"stat.mineBlock.minecraft.bone_block":21,"stat.drop.minecraft.yellow_flower":2,"stat.pickup.minecraft.yellow_flower":5,"stat.drop.zawa.care_guide":1,"stat.mineBlock.minecraft.stone":231,"stat.useItem.minecraft.beetroot":1,"stat.useItem.minecraft.sandstone":1}