{"stat.leaveGame":4,"stat.drop.minecraft.gunpowder":3,"stat.mineBlock.aether_legacy.ambrosium_ore":17,"stat.drop.minecraft.redstone":14,"stat.pickup.tombstone.familiar_stone":1,"stat.mineBlock.rustic.leaves":2,"stat.useItem.minecraft.glowstone":16,"stat.mineBlock.minecraft.sandstone":4,"stat.mineBlock.fm.insanity_ore":20,"stat.craftItem.minecraft.shield":2,"stat.drop.minecraft.feather":15,"stat.mineBlock.aether_legacy.crystal_leaves":1,"stat.drop.minecraft.iron_sword":1,"stat.pickup.minecraft.rotten_flesh":27,"stat.craftItem.minecraft.stone_axe":1,"stat.killEntity.Enderman":3,"stat.mineBlock.minecraft.wooden_slab":1,"stat.mineBlock.fm.copper_ore":3,"stat.pickup.minecraft.brown_mushroom":2,"stat.mineBlock.rustic.log":1,"stat.killEntity.Witch":2,"stat.craftItem.aether_legacy.gravitite_gloves":1,"stat.pickup.fm.uranium_ore":14,"stat.craftItem.aether_legacy.zanite_ring":1,"stat.useItem.minecraft.iron_pickaxe":179,"stat.craftItem.minecraft.wooden_pickaxe":1,"stat.mineBlock.fm.amethyst_ore":22,"stat.pickup.minecraft.double_plant":2,"stat.craftItem.minecraft.bed":1,"stat.mineBlock.minecraft.vine":1,"stat.pickup.rustic.wildberries":5,"stat.furnaceInteraction":43,"stat.drop.minecraft.gravel":1,"stat.killEntity.ZombieVillager":4,"stat.mineBlock.aether_legacy.berry_bush":95,"stat.craftItem.fm.obsidian_leggings":2,"stat.craftItem.fm.obsidian_boots":2,"stat.pickup.zawa.large_meat_raw":1,"stat.drop.zawa.large_meat_raw":1,"stat.useItem.rustic.wildberries":29,"stat.mineBlock.fm.uranium_ore":14,"stat.craftItem.fm.mithril_chestplate":1,"stat.pickup.aether_legacy.neptune_gloves":7,"stat.pickup.mca.rose_gold_ore":4,"stat.useItem.minecraft.flint_and_steel":1,"stat.mineBlock.astralsorcery.blockmarble":37,"stat.mineBlock.fm.onyx_ore":6,"stat.pickup.minecraft.emerald":2,"stat.useItem.minecraft.dye":2,"stat.deaths":11,"stat.mineBlock.aether_legacy.aercloud":45,"stat.pickup.aether_legacy.dart":1,"stat.craftItem.minecraft.iron_pickaxe":1,"stat.pickup.zawa.care_guide":1,"stat.drop.minecraft.glass_bottle":1,"stat.drop.minecraft.torch":1,"stat.pickup.chisel.marble2":1,"stat.mineBlock.minecraft.tallgrass":172,"stat.craftItem.minecraft.cooked_mutton":2,"stat.chestOpened":177,"stat.useItem.minecraft.stone":1,"stat.pickup.minecraft.iron_sword":2,"stat.pickup.minecraft.arrow":6,"stat.drop.betternether.lucis_spore":2,"stat.pickup.minecraft.gold_nugget":1,"stat.useItem.aether_legacy.dungeon_block":2,"stat.drop.minecraft.iron_pickaxe":1,"stat.useItem.rustic.wildberry_bush":13,"stat.pickup.chisel.basalt2":4,"stat.pickup.minecraft.carrot":1,"stat.pickup.aether_legacy.gravitite_ore":9,"stat.crouchOneCm":59758,"stat.mineBlock.minecraft.chest":1,"stat.craftItem.minecraft.iron_ingot":47,"stat.craftingTableInteraction":35,"stat.craftItem.aether_legacy.enchanter":1,"stat.mineBlock.minecraft.log2":18,"stat.pickup.minecraft.dye":43,"stat.pickup.chisel.limestone2":2,"stat.pickup.minecraft.wheat_seeds":8,"stat.mineBlock.aether_legacy.aether_dirt":3,"stat.pickup.aether_legacy.aercloud":52,"stat.killEntity.cockatrice":3,"stat.drop.twilightforest.torchberries":2,"stat.mineBlock.betternether.nether_mycelium":1,"stat.mineBlock.minecraft.dirt":45,"stat.useItem.minecraft.bread":12,"stat.useItem.zawa.reptile_meat_raw":1,"stat.drop.minecraft.rotten_flesh":9,"stat.useItem.minecraft.cobblestone":597,"stat.useItem.minecraft.gravel":3,"stat.mineBlock.minecraft.double_plant":9,"stat.pickup.fm.joy_ore":9,"stat.drop.minecraft.carrot":10,"stat.drop.minecraft.sapling":4,"stat.mineBlock.twilightforest.twilight_leaves":49,"stat.mineBlock.twilightforest.firefly":2,"stat.craftItem.minecraft.bucket":2,"stat.craftItem.minecraft.planks":112,"stat.useItem.minecraft.iron_sword":89,"stat.mineBlock.minecraft.log":9,"stat.pickup.minecraft.wool":9,"stat.useItem.twilightforest.twilight_log":2,"stat.cakeSlicesEaten":5,"stat.useItem.minecraft.iron_axe":84,"stat.mineBlock.minecraft.cobblestone":91,"stat.pickup.minecraft.flint":3,"stat.mineBlock.minecraft.yellow_flower":2,"stat.pickup.aether_legacy.holystone":56,"stat.killEntity.firefly":1,"stat.mineBlock.betternether.barrel_cactus":5,"stat.drop.fm.l_essence_of_greed":24,"stat.mineBlock.fm.cyanite_ore":8,"stat.mineBlock.betternether.nether_cactus":4,"stat.pickup.minecraft.glowstone":8,"stat.drop.minecraft.cobblestone":6,"stat.useItem.minecraft.obsidian":10,"stat.useItem.minecraft.cookie":3,"stat.killEntity.swet":22,"stat.killEntity.sentry":5,"stat.useItem.minecraft.stone_slab2":132,"stat.craftItem.aether_legacy.gravitite_axe":1,"stat.craftItem.minecraft.furnace":5,"stat.pickup.aether_legacy.skyroot_sapling":6,"stat.pickup.minecraft.nether_wart_block":1,"stat.mineBlock.minecraft.obsidian":79,"stat.pickup.aether_legacy.aether_dirt":8,"stat.flyOneCm":1174428,"stat.pickup.minecraft.sandstone":4,"stat.pickup.rustic.honeycomb":2,"stat.pickup.fm.cyanite":8,"stat.pickup.mowziesmobs.glowing_jelly":1,"stat.pickup.rustic.slate":4,"stat.pickup.fm.l_essence_of_greed":133,"stat.timeSinceDeath":83194,"stat.craftItem.rustic.planks":4,"stat.drop.minecraft.spider_eye":1,"stat.useItem.minecraft.potato":1,"stat.pickup.minecraft.nether_wart":21,"stat.drop.aether_legacy.moa_egg":1,"stat.mineBlock.minecraft.coal_ore":102,"stat.killEntity.Creeper":4,"stat.talkedToVillager":18,"stat.pickup.minecraft.string":7,"stat.pickup.tombstone.crafting_ingredient":7,"stat.useItem.minecraft.milk_bucket":1,"stat.drop.minecraft.obsidian":1,"stat.pickup.betternether.bone_block":1,"stat.useItem.minecraft.written_book":4,"stat.pickup.zawa.reptile_meat_raw":1,"stat.drop.betternether.egg_plant":24,"stat.sprintOneCm":565155,"stat.useItem.aether_legacy.aercloud":12,"stat.pickup.minecraft.bone_block":22,"stat.pickup.betternether.lucis_spore":3,"stat.mineBlock.rustic.wildberry_bush":15,"stat.useItem.minecraft.snowball":95,"stat.mineBlock.minecraft.diamond_ore":15,"stat.pickup.minecraft.leather_leggings":1,"stat.pickup.minecraft.sugar":2,"stat.mineBlock.aether_legacy.aether_log":87,"stat.useItem.aether_legacy.gravitite_axe":1,"stat.killEntity.Zombie":26,"stat.pickup.minecraft.snowball":191,"stat.craftItem.minecraft.dye":3,"stat.pickup.fm.obsidian_chestplate":1,"stat.mineBlock.minecraft.gold_ore":35,"stat.diveOneCm":34417,"stat.pickup.minecraft.wheat":2,"stat.useItem.zawa.rat_raw":1,"stat.craftItem.fm.uranium_pickaxe":1,"stat.craftItem.fm.obsidian_sword":2,"stat.pickup.minecraft.obsidian":77,"stat.useItem.minecraft.rotten_flesh":13,"stat.pickup.aether_legacy.dungeon_block":11,"stat.pickup.betternether.black_bush":2,"stat.drop.minecraft.sandstone":2,"stat.jump":9403,"stat.pickup.minecraft.coal":110,"stat.pickup.minecraft.iron_ingot":3,"stat.pickup.minecraft.gunpowder":4,"stat.useItem.aether_legacy.white_apple":1,"stat.craftItem.minecraft.torch":184,"stat.pickup.minecraft.dirt":62,"stat.pickup.evilcraft.dark_gem_crushed":4,"stat.mineBlock.fm.lead_ore":4,"stat.pickup.rustic.log":1,"stat.useItem.minecraft.sapling":3,"stat.pickup.minecraft.gold_ore":36,"stat.mineBlock.minecraft.lapis_ore":7,"stat.mineBlock.betternether.bone_block":1,"stat.damageTaken":12771,"stat.pickup.twilightforest.firefly":2,"stat.pickup.minecraft.written_book":3,"stat.mineBlock.minecraft.red_flower":1,"stat.mineBlock.minecraft.torch":27,"stat.pickup.minecraft.log2":18,"stat.craftItem.minecraft.glowstone":17,"stat.craftItem.aether_legacy.skyroot_plank":120,"stat.pickup.minecraft.bed":5,"stat.pickup.minecraft.potato":1,"stat.mineBlock.aether_legacy.holystone":56,"stat.animalsBred":2,"stat.useItem.minecraft.chest":3,"stat.pickup.fm.lead_ore":5,"stat.pickup.aether_legacy.aechor_petal":9,"stat.useItem.tombstone.gift":1,"stat.pickup.aether_legacy.aether_log":87,"stat.mineBlock.evilcraft.nether_monster_block":1,"stat.drop.betternether.nether_mycelium":1,"stat.pickup.minecraft.ender_pearl":2,"stat.useItem.minecraft.netherrack":128,"stat.mineBlock.aether_legacy.aether_grass":5,"stat.pickup.biomesoplenty.gem":2,"stat.pickup.aether_legacy.icestone":11,"stat.mineBlock.minecraft.stonebrick":2,"stat.mineBlock.minecraft.glowstone":21,"stat.mobKills":163,"stat.drop.minecraft.written_book":3,"stat.pickup.minecraft.diamond":18,"stat.pickup.minecraft.beetroot_seeds":3,"stat.pickup.minecraft.torch":35,"stat.pickup.astralsorcery.blockmarble":36,"stat.mineBlock.astralsorcery.blockcustomsandore":4,"stat.pickup.aether_legacy.purple_flower":4,"stat.pickup.evilcraft.werewolf_flesh":1,"stat.drop.minecraft.arrow":2,"stat.pickup.aether_legacy.zanite_gemstone":10,"stat.pickup.minecraft.deadbush":1,"stat.killEntity.sheepuff":1,"stat.pickup.astralsorcery.itemconstellationpaper":1,"stat.pickup.minecraft.lapis_block":1,"stat.drop.minecraft.shield":1,"stat.useItem.minecraft.mutton":1,"stat.pickup.minecraft.glowstone_dust":70,"stat.mineBlock.fm.ruby_ore":2,"stat.useItem.minecraft.water_bucket":125,"stat.mineBlock.aether_legacy.dungeon_block":4,"stat.pickup.minecraft.sand":12,"stat.pickup.betternether.egg_plant":24,"stat.mineBlock.aether_legacy.gravitite_ore":10,"stat.pickup.fm.copper_ore":4,"stat.mineBlock.twilightforest.twilight_log":13,"stat.drop.fm.obsidian_sword":1,"stat.drop.fm.obsidian_pickaxe":1,"stat.mineBlock.minecraft.snow_layer":87,"stat.mineBlock.minecraft.sand":4,"stat.killEntity.twilightforest.kobold":1,"stat.craftItem.fm.uranium_ingot":5,"stat.useItem.aether_legacy.purple_flower":2,"stat.killEntity.twilightforest.skeleton_druid":4,"stat.mineBlock.minecraft.lapis_block":1,"stat.useItem.minecraft.cooked_mutton":2,"stat.pickup.minecraft.furnace":1,"stat.pickup.aether_legacy.ambrosium_shard":17,"stat.mineBlock.aether_legacy.aether_leaves":37,"stat.pickup.tombstone.magic_scroll":2,"stat.useItem.aether_legacy.skyroot_plank":113,"stat.craftItem.fm.obsidian_helmet":2,"stat.playOneMinute":363377,"stat.drop.minecraft.string":2,"stat.craftItem.fm.obsidian_pickaxe":1,"stat.pickup.minecraft.iron_bars":5,"stat.drop.aether_legacy.neptune_gloves":5,"stat.pickup.rustic.aloe_vera":5,"stat.pickup.fm.topaz":14,"stat.pickup.aether_legacy.white_apple":2,"stat.pickup.minecraft.netherrack":216,"stat.pickup.fm.sapphire":7,"stat.mineBlock.minecraft.netherrack":234,"stat.fallOneCm":276620,"stat.drop.minecraft.stone":14,"stat.craftItem.aether_legacy.skyroot_stick":4,"stat.craftItem.minecraft.chest":2,"stat.mineBlock.minecraft.nether_wart_block":1,"stat.pickup.minecraft.milk_bucket":1,"stat.pickup.betternether.barrel_cactus":4,"stat.mineBlock.aether_legacy.icestone":11,"stat.pickup.minecraft.feather":15,"stat.drop.minecraft.bone":4,"stat.useItem.minecraft.furnace":1,"stat.mineBlock.fm.topaz_ore":14,"stat.mineBlock.minecraft.gravel":14,"stat.useItem.minecraft.stone_pickaxe":291,"stat.pickup.fm.onyx":6,"stat.useItem.minecraft.wool":1,"stat.mineBlock.rustic.aloe_vera":2,"stat.drop.minecraft.stick":3,"stat.useItem.minecraft.iron_bars":3,"stat.useItem.minecraft.torch":178,"stat.pickup.minecraft.golden_apple":1,"stat.drop.tombstone.crafting_ingredient":2,"stat.pickup.minecraft.crafting_table":4,"stat.craftItem.minecraft.crafting_table":4,"stat.pickup.minecraft.redstone_block":1,"stat.pickup.aether_legacy.lightning_sword":1,"stat.pickup.minecraft.log":11,"stat.useItem.minecraft.cooked_fish":7,"stat.craftItem.twilightforest.twilight_oak_planks":16,"stat.useItem.rustic.aloe_vera":3,"stat.pickup.minecraft.sapling":8,"stat.pickup.aether_legacy.dungeon_key":1,"stat.entityKilledBy.Enderman":2,"stat.pickup.minecraft.beetroot":1,"stat.useItem.aether_legacy.lightning_sword":22,"stat.pickup.minecraft.golden_sword":1,"stat.pickup.betternether.nether_mycelium":2,"stat.drop.aether_legacy.swetty_ball":4,"stat.useItem.aether_legacy.aether_dirt":2,"stat.drop.aether_legacy.aercloud":9,"stat.sneakTime":21483,"stat.pickup.rustic.chili_pepper_seeds":3,"stat.drop.minecraft.bucket":1,"stat.pickup.aether_legacy.zanite_ring":4,"stat.drop.minecraft.yellow_flower":2,"stat.pickup.minecraft.yellow_flower":6,"stat.useItem.minecraft.beetroot":1,"stat.pickup.minecraft.chest":9,"stat.pickup.minecraft.bone":12,"stat.drop.minecraft.sugar":2,"stat.pickup.fm.ruby":4,"stat.pickup.evilcraft.blood_extractor":1,"stat.mineBlock.aether_legacy.quicksoil":1,"stat.pickup.fm.mithril_ore":27,"stat.swimOneCm":120352,"stat.climbOneCm":18576,"stat.killEntity.mimic":6,"stat.mineBlock.evilcraft.dark_ore":19,"stat.drop.minecraft.brown_mushroom":2,"stat.useItem.minecraft.dirt":10,"stat.mineBlock.betternether.nether_grass":9,"stat.drop.zawa.rat_raw":1,"stat.craftItem.minecraft.stone_pickaxe":3,"stat.pickup.minecraft.cobblestone":487,"stat.mineBlock.minecraft.redstone_block":1,"stat.mineBlock.chisel.limestone2":2,"stat.useItem.minecraft.stone_shovel":99,"stat.pickup.minecraft.clay":1,"stat.drop.minecraft.wheat_seeds":6,"stat.drop.astralsorcery.itemconstellationpaper":1,"stat.pickup.aether_legacy.blue_berry":179,"stat.useItem.minecraft.cooked_beef":2,"stat.pickup.minecraft.cactus":1,"stat.useItem.fm.topaz_pickaxe":1160,"stat.pickup.minecraft.redstone":22,"stat.mineBlock.minecraft.iron_ore":202,"stat.useItem.aether_legacy.blue_berry":173,"stat.drop.minecraft.log":1,"stat.pickup.minecraft.mutton":8,"stat.drop.rustic.chili_pepper_seeds":2,"stat.pickup.minecraft.stonebrick":2,"stat.drop.minecraft.dirt":14,"stat.drop.minecraft.beetroot_seeds":3,"stat.pickup.aether_legacy.swetty_ball":11,"stat.useItem.betternether.barrel_cactus":1,"stat.useItem.astralsorcery.blockmarble":6,"stat.mineBlock.betternether.agave":1,"stat.craftItem.minecraft.stone_slab2":0,"stat.drop.rustic.tomato_seeds":5,"stat.pickup.minecraft.paper":1,"stat.craftItem.minecraft.stick":72,"stat.mineBlock.fm.sapphire_ore":7,"stat.mineBlock.minecraft.crafting_table":4,"stat.mineBlock.fm.mithril_ore":27,"stat.drop.minecraft.golden_apple":1,"stat.entityKilledBy.Creeper":1,"stat.drop":222,"stat.mineBlock.aether_legacy.zanite_ore":10,"stat.killEntity.Sheep":4,"stat.killEntity.aechor_plant":10,"stat.pickup.rustic.wildberry_bush":14,"stat.pickup.minecraft.gravel":16,"stat.mineBlock.fm.joy_ore":9,"stat.useItem.minecraft.apple":6,"stat.useItem.minecraft.potion":1,"stat.pickup.twilightforest.torchberries":3,"stat.useItem.minecraft.stone_axe":62,"stat.pickup.minecraft.spider_eye":3,"stat.pickup.minecraft.iron_ore":208,"stat.mineBlock.mca.rose_gold_ore":4,"stat.mineBlock.minecraft.iron_bars":5,"stat.craftItem.minecraft.flint_and_steel":1,"stat.pickup.rustic.tomato_seeds":5,"stat.mineBlock.minecraft.leaves2":7,"stat.mineBlock.minecraft.furnace":1,"stat.useItem.minecraft.wooden_pickaxe":7,"stat.pickup.evilcraft.dark_gem":41,"stat.pickup.betternether.nether_cactus":5,"stat.drop.rustic.core_root":1,"stat.pickup.minecraft.reeds":22,"stat.drop.aether_legacy.zanite_ring":3,"tombstone:undead_killed":50,"stat.damageDealt":40088,"stat.killEntity.zephyr":2,"stat.pickup.aether_legacy.quicksoil":1,"stat.pickup.betternether.agave":2,"stat.sleepInBed":11,"stat.pickup.twilightforest.twilight_log":12,"stat.pickup.aether_legacy.victory_medal":5,"stat.pickup.fm.insanity_ore":20,"stat.pickup.zawa.rat_raw":2,"stat.craftItem.minecraft.stone_shovel":1,"stat.walkOneCm":1272308,"stat.craftItem.fm.mithril_ingot":26,"stat.pickup.minecraft.stick":3,"stat.craftItem.fm.topaz_pickaxe":1,"stat.craftItem.aether_legacy.cold_parachute":4,"stat.mineBlock.chisel.basalt2":4,"stat.useItem.fm.obsidian_sword":407,"stat.pickup.minecraft.stone":61,"stat.mineBlock.minecraft.wool":2,"stat.craftItem.fm.obsidian_chestplate":2,"stat.pickup.minecraft.air":0,"stat.killEntity.Skeleton":16,"stat.mineBlock.minecraft.cactus":1,"stat.pickup.fm.amethyst":22,"stat.killEntity.Spider":17,"stat.mineBlock.biomesoplenty.flesh":1,"stat.pickup.astralsorcery.itemcraftingcomponent":10,"stat.mineBlock.minecraft.leaves":44,"stat.mineBlock.betternether.egg_plant":25,"stat.mineBlock.minecraft.redstone_ore":2,"stat.pickup.rustic.core_root":1,"stat.mineBlock.minecraft.bone_block":21,"stat.drop.zawa.care_guide":1,"stat.mineBlock.minecraft.stone":386,"stat.useItem.minecraft.sandstone":1}