{"stat.cakeSlicesEaten":3,"stat.useItem.minecraft.iron_bars":1,"stat.chestOpened":1,"stat.walkOneCm":68215,"stat.pickup.rustic.wildberry_bush":4,"stat.pickup.minecraft.bone":2,"stat.pickup.minecraft.iron_sword":1,"stat.pickup.minecraft.crafting_table":2,"stat.mineBlock.minecraft.cobblestone":9,"stat.pickup.minecraft.nether_wart":2,"stat.craftItem.minecraft.crafting_table":1,"stat.furnaceInteraction":1,"stat.mineBlock.minecraft.double_plant":5,"stat.pickup.minecraft.redstone_block":1,"stat.jump":174,"stat.swimOneCm":2121,"stat.fallOneCm":5025,"stat.useItem.minecraft.stone_axe":1,"stat.pickup.minecraft.stone":1,"stat.drop.minecraft.sapling":1,"stat.crouchOneCm":591,"stat.useItem.minecraft.written_book":1,"stat.pickup.minecraft.sapling":1,"stat.sprintOneCm":6341,"stat.useItem.rustic.wildberries":2,"stat.useItem.minecraft.stone_slab2":4,"stat.craftItem.minecraft.stick":16,"stat.pickup.tombstone.magic_scroll":1,"stat.craftingTableInteraction":3,"stat.killEntity.Skeleton":1,"stat.pickup.rustic.log":1,"stat.mineBlock.rustic.wildberry_bush":4,"stat.mineBlock.minecraft.iron_bars":2,"stat.craftItem.minecraft.planks":20,"stat.useItem.minecraft.iron_sword":4,"stat.craftItem.minecraft.stone_axe":1,"stat.mineBlock.minecraft.log2":5,"stat.damageTaken":90,"stat.mineBlock.minecraft.crafting_table":2,"stat.craftItem.minecraft.stone_pickaxe":1,"stat.pickup.minecraft.written_book":1,"stat.useItem.minecraft.wooden_pickaxe":7,"stat.mobKills":5,"stat.pickup.minecraft.cobblestone":16,"stat.pickup.minecraft.leather_leggings":1,"stat.pickup.minecraft.log2":5,"stat.mineBlock.minecraft.redstone_block":1,"stat.pickup.minecraft.reeds":6,"stat.drop.minecraft.written_book":1,"stat.flyOneCm":15535,"tombstone:undead_killed":1,"stat.drop":8,"stat.pickup.minecraft.wheat_seeds":6,"stat.mineBlock.minecraft.leaves":1,"stat.playOneMinute":10240,"stat.mineBlock.rustic.log":1,"stat.drop.minecraft.wheat_seeds":4,"stat.killEntity.Sheep":4,"stat.useItem.minecraft.stone_pickaxe":13,"stat.pickup.fm.l_essence_of_greed":5,"stat.sneakTime":291,"stat.pickup.minecraft.wool":4,"stat.pickup.rustic.chili_pepper_seeds":1,"stat.damageDealt":520,"stat.timeSinceDeath":10240,"stat.pickup.zawa.care_guide":1,"stat.craftItem.rustic.planks":4,"stat.pickup.minecraft.iron_bars":2,"stat.drop.zawa.care_guide":1,"stat.craftItem.minecraft.wooden_pickaxe":1,"stat.mineBlock.minecraft.stone":8,"stat.mineBlock.minecraft.tallgrass":48,"stat.pickup.minecraft.mutton":5,"stat.drop.rustic.chili_pepper_seeds":1,"stat.diveOneCm":1107}