{"stat.useItem.minecraft.bow":18,"stat.leaveGame":9,"stat.drop.minecraft.gunpowder":4,"stat.useItem.fm.uranium_sword":231,"stat.mineBlock.aether_legacy.ambrosium_ore":17,"stat.drop.minecraft.redstone":14,"stat.pickup.tombstone.familiar_stone":1,"stat.mineBlock.rustic.leaves":2,"stat.useItem.minecraft.glowstone":16,"stat.pickup.minecraft.dark_oak_boat":2,"stat.mineBlock.minecraft.sandstone":6,"stat.mineBlock.fm.insanity_ore":20,"stat.pickup.zawa.worm":1,"stat.craftItem.minecraft.shield":4,"stat.mineBlock.minecraft.web":24,"stat.drop.minecraft.feather":15,"stat.mineBlock.aether_legacy.crystal_leaves":1,"stat.drop.minecraft.iron_sword":1,"stat.pickup.minecraft.rotten_flesh":57,"stat.craftItem.minecraft.stone_axe":1,"stat.pickup.fm.uranium_pickaxe":2,"stat.drop.minecraft.leather_boots":2,"stat.killEntity.Enderman":7,"stat.mineBlock.minecraft.wooden_slab":1,"stat.pickup.minecraft.leather_boots":3,"stat.mineBlock.fm.copper_ore":3,"stat.pickup.minecraft.brown_mushroom":4,"stat.mineBlock.rustic.log":1,"stat.killEntity.Witch":2,"stat.craftItem.aether_legacy.gravitite_gloves":1,"stat.pickup.fm.uranium_ore":16,"stat.craftItem.aether_legacy.zanite_ring":2,"stat.useItem.minecraft.iron_pickaxe":179,"stat.craftItem.minecraft.wooden_pickaxe":1,"stat.mineBlock.fm.amethyst_ore":22,"stat.pickup.minecraft.double_plant":2,"stat.craftItem.minecraft.bed":1,"stat.mineBlock.evilcraft.environmental_accumulator":1,"stat.mineBlock.minecraft.vine":5,"stat.pickup.rustic.wildberries":5,"stat.pickup.minecraft.wooden_shovel":1,"stat.furnaceInteraction":71,"stat.drop.minecraft.gravel":1,"stat.pickup.aether_legacy.enchanter":1,"stat.killEntity.ZombieVillager":4,"stat.pickup.minecraft.nether_brick":38,"stat.mineBlock.aether_legacy.berry_bush":95,"stat.craftItem.fm.obsidian_leggings":2,"stat.craftItem.fm.obsidian_boots":2,"stat.pickup.zawa.large_meat_raw":1,"stat.pickup.minecraft.leather_helmet":5,"stat.drop.zawa.large_meat_raw":1,"stat.useItem.rustic.wildberries":35,"stat.mineBlock.fm.uranium_ore":16,"stat.craftItem.fm.mithril_chestplate":1,"stat.pickup.aether_legacy.neptune_gloves":7,"stat.pickup.mca.rose_gold_ore":4,"stat.useItem.minecraft.flint_and_steel":1,"stat.mineBlock.astralsorcery.blockmarble":53,"stat.killEntity.Husk":2,"stat.mineBlock.fm.onyx_ore":9,"stat.pickup.minecraft.emerald":2,"stat.useItem.minecraft.dye":2,"stat.deaths":11,"stat.mineBlock.aether_legacy.aercloud":53,"stat.pickup.aether_legacy.dart":1,"stat.mineBlock.minecraft.stone_pressure_plate":17,"stat.useItem.minecraft.nether_brick":5,"stat.craftItem.minecraft.iron_pickaxe":1,"stat.pickup.zawa.care_guide":1,"stat.drop.minecraft.glass_bottle":1,"stat.drop.minecraft.torch":1,"stat.pickup.chisel.marble2":1,"stat.mineBlock.minecraft.tallgrass":207,"stat.craftItem.minecraft.cooked_mutton":2,"stat.chestOpened":551,"stat.useItem.minecraft.stone":1,"stat.pickup.minecraft.iron_sword":2,"stat.pickup.minecraft.arrow":29,"stat.drop.betternether.lucis_spore":2,"stat.pickup.minecraft.gold_nugget":1,"stat.useItem.aether_legacy.dungeon_block":2,"stat.craftItem.minecraft.coal":9,"stat.drop.minecraft.iron_pickaxe":1,"stat.useItem.rustic.wildberry_bush":13,"stat.pickup.chisel.basalt2":4,"stat.pickup.minecraft.carrot":167,"stat.pickup.aether_legacy.gravitite_ore":9,"stat.crouchOneCm":78731,"stat.mineBlock.minecraft.chest":1,"stat.craftItem.minecraft.iron_ingot":143,"stat.craftingTableInteraction":66,"stat.craftItem.aether_legacy.enchanter":1,"stat.mineBlock.minecraft.log2":18,"stat.pickup.minecraft.dye":43,"stat.pickup.minecraft.planks":65,"stat.pickup.chisel.limestone2":2,"stat.pickup.minecraft.wheat_seeds":10,"stat.mineBlock.aether_legacy.aether_dirt":3,"stat.pickup.aether_legacy.aercloud":60,"stat.killEntity.cockatrice":3,"stat.drop.minecraft.spruce_fence":1,"stat.drop.twilightforest.torchberries":2,"stat.mineBlock.betternether.nether_mycelium":1,"stat.mineBlock.minecraft.dirt":66,"stat.useItem.minecraft.bread":19,"stat.pickup.evilcraft.vengeance_pickaxe":1,"stat.useItem.zawa.reptile_meat_raw":1,"stat.drop.minecraft.rotten_flesh":31,"stat.useItem.minecraft.cobblestone":807,"stat.useItem.minecraft.gravel":3,"stat.mineBlock.minecraft.double_plant":11,"stat.pickup.fm.joy_ore":9,"stat.drop.minecraft.carrot":10,"stat.drop.minecraft.sapling":4,"stat.craftItem.chisel.chisel_iron":1,"stat.mineBlock.twilightforest.twilight_leaves":49,"stat.mineBlock.twilightforest.firefly":2,"stat.pickup.minecraft.coal_block":2,"stat.craftItem.minecraft.bucket":2,"stat.craftItem.minecraft.planks":220,"stat.useItem.minecraft.iron_sword":89,"stat.itemEnchanted":2,"stat.pickup.minecraft.book":39,"stat.mineBlock.minecraft.log":70,"stat.drop.minecraft.leather_leggings":1,"stat.pickup.minecraft.iron_door":1,"stat.pickup.minecraft.red_flower":2,"stat.pickup.minecraft.wool":29,"stat.useItem.twilightforest.twilight_log":2,"stat.cakeSlicesEaten":6,"stat.useItem.minecraft.iron_axe":84,"stat.pickup.minecraft.spruce_fence_gate":1,"stat.mineBlock.minecraft.cobblestone":127,"stat.pickup.minecraft.flint":6,"stat.mineBlock.minecraft.yellow_flower":2,"stat.pickup.aether_legacy.holystone":56,"stat.killEntity.firefly":1,"stat.mineBlock.betternether.barrel_cactus":5,"stat.pickup.minecraft.leather_chestplate":2,"stat.drop.fm.l_essence_of_greed":31,"stat.craftItem.minecraft.wool":3,"stat.mineBlock.fm.cyanite_ore":8,"stat.mineBlock.minecraft.stained_glass_pane":2,"stat.mineBlock.betternether.nether_cactus":4,"stat.pickup.minecraft.enchanted_book":1,"stat.pickup.minecraft.glowstone":8,"stat.drop.minecraft.cobblestone":6,"stat.useItem.minecraft.obsidian":10,"stat.useItem.minecraft.cookie":3,"stat.killEntity.swet":22,"stat.killEntity.sentry":5,"stat.useItem.minecraft.stone_slab2":206,"stat.pickup.minecraft.bow":4,"stat.pickup.minecraft.iron_boots":2,"stat.craftItem.aether_legacy.gravitite_axe":1,"stat.craftItem.minecraft.furnace":5,"stat.pickup.aether_legacy.skyroot_sapling":6,"stat.craftItem.minecraft.spruce_boat":1,"stat.pickup.minecraft.nether_wart_block":1,"stat.mineBlock.minecraft.obsidian":79,"stat.pickup.aether_legacy.aether_dirt":8,"stat.flyOneCm":2181540,"stat.pickup.minecraft.sandstone":5,"stat.pickup.rustic.honeycomb":2,"stat.pickup.fm.cyanite":8,"stat.pickup.minecraft.nether_brick_stairs":2,"stat.pickup.mowziesmobs.glowing_jelly":1,"stat.pickup.rustic.slate":4,"stat.pickup.fm.l_essence_of_greed":221,"stat.timeSinceDeath":324018,"stat.craftItem.rustic.planks":4,"stat.drop.minecraft.spider_eye":2,"stat.craftItem.minecraft.iron_block":3,"stat.pickup.travelersbackpack.travelers_backpack":1,"stat.useItem.minecraft.potato":1,"stat.pickup.minecraft.nether_wart":21,"stat.pickup.minecraft.spruce_fence":6,"stat.drop.aether_legacy.moa_egg":1,"stat.mineBlock.minecraft.coal_ore":149,"stat.killEntity.Creeper":9,"stat.pickup.minecraft.shield":2,"stat.talkedToVillager":18,"stat.pickup.minecraft.string":43,"stat.pickup.tombstone.crafting_ingredient":13,"stat.useItem.minecraft.milk_bucket":1,"stat.drop.minecraft.obsidian":1,"stat.pickup.betternether.bone_block":1,"stat.useItem.minecraft.written_book":4,"stat.pickup.zawa.reptile_meat_raw":2,"stat.drop.betternether.egg_plant":24,"stat.sprintOneCm":1401078,"stat.useItem.aether_legacy.aercloud":16,"stat.pickup.minecraft.bone_block":22,"stat.pickup.betternether.lucis_spore":3,"stat.mineBlock.rustic.wildberry_bush":15,"stat.useItem.minecraft.snowball":95,"stat.mineBlock.minecraft.diamond_ore":15,"stat.pickup.minecraft.leather_leggings":5,"stat.pickup.minecraft.sugar":2,"stat.mineBlock.aether_legacy.aether_log":87,"stat.useItem.aether_legacy.gravitite_axe":112,"stat.killEntity.Zombie":61,"stat.pickup.minecraft.snowball":201,"stat.craftItem.minecraft.dye":5,"stat.pickup.fm.obsidian_chestplate":1,"stat.mineBlock.minecraft.gold_ore":35,"stat.diveOneCm":50432,"stat.pickup.minecraft.wheat":2,"stat.useItem.zawa.rat_raw":1,"stat.mineBlock.minecraft.mossy_cobblestone":1,"stat.useItem.fm.uranium_pickaxe":410,"stat.craftItem.fm.uranium_pickaxe":1,"stat.craftItem.fm.obsidian_sword":2,"stat.pickup.minecraft.stone_axe":1,"stat.pickup.minecraft.obsidian":77,"stat.useItem.minecraft.rotten_flesh":13,"stat.pickup.aether_legacy.dungeon_block":11,"stat.pickup.betternether.black_bush":2,"stat.drop.minecraft.sandstone":2,"stat.jump":14126,"stat.pickup.minecraft.coal":160,"stat.pickup.minecraft.iron_ingot":3,"stat.useItem.minecraft.dark_oak_boat":3,"stat.pickup.minecraft.gunpowder":9,"stat.useItem.aether_legacy.white_apple":1,"stat.craftItem.minecraft.torch":216,"stat.pickup.minecraft.dirt":84,"stat.pickup.evilcraft.dark_gem_crushed":5,"stat.mineBlock.minecraft.spruce_fence_gate":1,"stat.mineBlock.fm.lead_ore":4,"stat.pickup.rustic.log":1,"stat.useItem.minecraft.sapling":3,"stat.pickup.minecraft.gold_ore":36,"stat.mineBlock.minecraft.lapis_ore":7,"stat.mineBlock.betternether.bone_block":1,"stat.damageTaken":14869,"stat.pickup.twilightforest.firefly":2,"stat.pickup.minecraft.written_book":3,"stat.mineBlock.minecraft.red_flower":3,"stat.mineBlock.minecraft.torch":40,"stat.pickup.minecraft.log2":18,"stat.craftItem.minecraft.glowstone":17,"stat.craftItem.aether_legacy.skyroot_plank":120,"stat.useItem.aether_legacy.notch_hammer":1,"stat.pickup.minecraft.bed":5,"stat.pickup.minecraft.quartz_block":4,"stat.pickup.minecraft.potato":1,"stat.mineBlock.aether_legacy.enchanter":1,"stat.mineBlock.aether_legacy.holystone":56,"stat.killEntity.Silverfish":9,"stat.animalsBred":2,"stat.useItem.minecraft.chest":3,"stat.pickup.fm.lead_ore":5,"stat.drop.elevatorid.elevator_white":2,"stat.pickup.aether_legacy.aechor_petal":9,"stat.useItem.tombstone.gift":1,"stat.pickup.aether_legacy.aether_log":87,"stat.mineBlock.evilcraft.nether_monster_block":1,"stat.drop.betternether.nether_mycelium":1,"stat.pickup.minecraft.ender_pearl":3,"stat.useItem.minecraft.netherrack":128,"stat.mineBlock.aether_legacy.aether_grass":5,"stat.craftItem.travelersbackpack.sleeping_bag_bottom":1,"stat.pickup.biomesoplenty.gem":2,"stat.pickup.aether_legacy.icestone":11,"stat.mineBlock.minecraft.stonebrick":4,"stat.mineBlock.minecraft.glowstone":21,"stat.mobKills":277,"stat.mineBlock.minecraft.bookshelf":13,"stat.craftItem.minecraft.shears":1,"stat.drop.minecraft.written_book":3,"stat.pickup.minecraft.diamond":18,"stat.pickup.minecraft.beetroot_seeds":3,"stat.pickup.minecraft.torch":50,"stat.pickup.astralsorcery.blockmarble":56,"stat.mineBlock.astralsorcery.blockcustomsandore":4,"stat.pickup.aether_legacy.purple_flower":4,"stat.pickup.evilcraft.werewolf_flesh":1,"stat.drop.minecraft.arrow":5,"stat.pickup.aether_legacy.zanite_gemstone":10,"stat.pickup.minecraft.deadbush":1,"stat.useItem.minecraft.bookshelf":11,"stat.craftItem.fm.uranium_sword":1,"stat.killEntity.sheepuff":1,"stat.killEntity.Blaze":13,"stat.pickup.astralsorcery.itemconstellationpaper":1,"stat.pickup.minecraft.lapis_block":1,"stat.drop.minecraft.shield":1,"stat.useItem.minecraft.mutton":1,"stat.pickup.evilcraft.environmental_accumulation_core":1,"stat.useItem.minecraft.planks":32,"stat.pickup.minecraft.glowstone_dust":70,"stat.craftItem.astralsorcery.itemwand":1,"stat.mineBlock.fm.ruby_ore":6,"stat.useItem.minecraft.water_bucket":163,"stat.mineBlock.aether_legacy.dungeon_block":4,"stat.pickup.minecraft.sand":35,"stat.pickup.betternether.egg_plant":24,"stat.mineBlock.aether_legacy.gravitite_ore":10,"stat.pickup.fm.copper_ore":4,"stat.mineBlock.twilightforest.twilight_log":13,"stat.drop.fm.obsidian_sword":1,"stat.drop.fm.obsidian_pickaxe":1,"stat.mineBlock.minecraft.snow_layer":89,"stat.pickup.minecraft.chainmail_chestplate":1,"stat.mineBlock.minecraft.sand":28,"stat.killEntity.twilightforest.kobold":1,"stat.craftItem.fm.uranium_ingot":5,"stat.useItem.aether_legacy.purple_flower":2,"stat.hopperInspected":1,"stat.killEntity.twilightforest.skeleton_druid":4,"stat.drop.evilcraft.vengeance_pickaxe":1,"stat.trappedChestTriggered":2,"stat.mineBlock.minecraft.lapis_block":1,"stat.useItem.minecraft.cooked_mutton":2,"stat.pickup.minecraft.furnace":1,"stat.drop.minecraft.diamond_helmet":1,"stat.pickup.aether_legacy.ambrosium_shard":17,"stat.mineBlock.aether_legacy.aether_leaves":37,"stat.craftItem.travelersbackpack.travelers_backpack":1,"stat.pickup.minecraft.skull":5,"stat.pickup.tombstone.magic_scroll":4,"stat.useItem.aether_legacy.skyroot_plank":113,"stat.drop.minecraft.snowball":4,"stat.craftItem.fm.obsidian_helmet":2,"stat.playOneMinute":604201,"stat.pickup.minecraft.blaze_rod":2,"stat.drop.minecraft.string":2,"stat.craftItem.fm.obsidian_pickaxe":1,"stat.pickup.minecraft.iron_bars":38,"stat.drop.aether_legacy.neptune_gloves":5,"stat.pickup.rustic.aloe_vera":5,"stat.pickup.fm.topaz":18,"stat.pickup.aether_legacy.white_apple":2,"stat.pickup.minecraft.netherrack":216,"stat.pickup.fm.sapphire":9,"stat.mineBlock.minecraft.netherrack":234,"stat.drop.minecraft.flint":1,"stat.fallOneCm":410070,"stat.drop.minecraft.stone":14,"stat.craftItem.aether_legacy.skyroot_stick":8,"stat.craftItem.minecraft.chest":3,"stat.craftItem.astralsorcery.blockblackmarble":8,"stat.mineBlock.minecraft.nether_wart_block":1,"stat.pickup.minecraft.milk_bucket":1,"stat.pickup.betternether.barrel_cactus":4,"stat.mineBlock.aether_legacy.icestone":11,"stat.pickup.minecraft.feather":15,"stat.drop.minecraft.bone":4,"stat.useItem.minecraft.furnace":1,"stat.mineBlock.fm.topaz_ore":18,"stat.mineBlock.minecraft.spruce_fence":6,"stat.mineBlock.minecraft.gravel":20,"stat.useItem.minecraft.stone_pickaxe":291,"stat.pickup.fm.onyx":9,"stat.useItem.minecraft.wool":1,"stat.mineBlock.rustic.aloe_vera":2,"stat.drop.minecraft.stick":3,"stat.useItem.minecraft.iron_bars":17,"stat.mineBlock.minecraft.quartz_stairs":13,"stat.useItem.minecraft.torch":357,"stat.pickup.minecraft.golden_apple":1,"stat.drop.tombstone.crafting_ingredient":2,"stat.pickup.minecraft.crafting_table":8,"stat.craftItem.minecraft.crafting_table":6,"stat.pickup.minecraft.redstone_block":1,"stat.pickup.aether_legacy.lightning_sword":1,"stat.pickup.minecraft.log":109,"stat.useItem.minecraft.cooked_fish":7,"stat.craftItem.twilightforest.twilight_oak_planks":16,"stat.useItem.rustic.aloe_vera":3,"stat.pickup.minecraft.tallgrass":1,"stat.pickup.minecraft.chainmail_leggings":1,"stat.pickup.minecraft.sapling":8,"stat.pickup.aether_legacy.dungeon_key":1,"stat.entityKilledBy.Enderman":2,"stat.craftItem.astralsorcery.blockaltar":1,"stat.drop.minecraft.bow":3,"stat.pickup.minecraft.beetroot":1,"stat.useItem.aether_legacy.lightning_sword":22,"stat.pickup.minecraft.diamond_helmet":1,"stat.killEntity.WitherSkeleton":4,"stat.pickup.minecraft.golden_sword":1,"stat.pickup.betternether.nether_mycelium":2,"stat.drop.aether_legacy.swetty_ball":4,"stat.useItem.aether_legacy.aether_dirt":2,"stat.drop.aether_legacy.aercloud":9,"stat.sneakTime":27037,"stat.pickup.rustic.chili_pepper_seeds":5,"stat.drop.minecraft.bucket":1,"stat.craftItem.minecraft.spruce_fence_gate":1,"stat.pickup.aether_legacy.zanite_ring":4,"stat.drop.minecraft.yellow_flower":2,"stat.pickup.minecraft.stone_slab":2,"stat.pickup.minecraft.yellow_flower":6,"stat.useItem.minecraft.beetroot":1,"stat.pickup.minecraft.chest":9,"stat.pickup.minecraft.bone":35,"stat.drop.minecraft.sugar":2,"stat.pickup.minecraft.stone_pressure_plate":17,"stat.pickup.fm.ruby":8,"stat.pickup.evilcraft.blood_extractor":4,"stat.drop.minecraft.leather_helmet":1,"stat.mineBlock.aether_legacy.quicksoil":1,"stat.pickup.fm.mithril_ore":27,"stat.swimOneCm":144495,"stat.climbOneCm":21140,"stat.killEntity.mimic":6,"stat.mineBlock.evilcraft.dark_ore":22,"stat.drop.minecraft.brown_mushroom":2,"stat.useItem.minecraft.dirt":16,"stat.drop.minecraft.quartz":2,"stat.mineBlock.betternether.nether_grass":9,"stat.drop.zawa.rat_raw":1,"stat.pickup.minecraft.anvil":1,"stat.craftItem.minecraft.stone_pickaxe":3,"stat.pickup.minecraft.cobblestone":631,"stat.pickup.minecraft.quartz_stairs":9,"stat.mineBlock.minecraft.redstone_block":1,"stat.mineBlock.chisel.limestone2":2,"stat.useItem.minecraft.stone_shovel":126,"stat.pickup.minecraft.clay":1,"stat.drop.minecraft.wheat_seeds":8,"stat.drop.astralsorcery.itemconstellationpaper":1,"stat.pickup.aether_legacy.blue_berry":179,"stat.useItem.minecraft.cooked_beef":2,"stat.pickup.minecraft.cactus":1,"stat.useItem.fm.topaz_pickaxe":1160,"stat.pickup.aether_legacy.moa_egg":2,"stat.pickup.minecraft.redstone":24,"stat.mineBlock.minecraft.iron_ore":202,"stat.useItem.aether_legacy.blue_berry":173,"stat.drop.minecraft.log":1,"stat.pickup.minecraft.mutton":8,"stat.drop.rustic.chili_pepper_seeds":3,"stat.pickup.minecraft.mossy_cobblestone":3,"stat.mineBlock.minecraft.coal_block":2,"stat.pickup.minecraft.stonebrick":5,"stat.drop.minecraft.dirt":17,"stat.drop.minecraft.beetroot_seeds":3,"stat.mineBlock.minecraft.nether_brick":30,"stat.pickup.aether_legacy.swetty_ball":11,"stat.drop.astralsorcery.itemwand":1,"stat.useItem.betternether.barrel_cactus":1,"stat.useItem.astralsorcery.blockmarble":10,"stat.mineBlock.betternether.agave":1,"stat.craftItem.minecraft.stone_slab2":0,"stat.useItem.minecraft.spruce_fence":19,"stat.drop.rustic.tomato_seeds":6,"stat.pickup.minecraft.paper":1,"stat.craftItem.minecraft.stick":76,"stat.drop.fm.uranium_pickaxe":2,"stat.mineBlock.fm.sapphire_ore":9,"stat.mineBlock.minecraft.crafting_table":8,"stat.useItem.minecraft.stone_pressure_plate":11,"stat.mineBlock.fm.mithril_ore":27,"stat.mineBlock.minecraft.quartz_block":19,"stat.useItem.minecraft.carrot":104,"stat.drop.minecraft.golden_apple":1,"stat.entityKilledBy.Creeper":1,"stat.mineBlock.minecraft.planks":2,"stat.drop":289,"stat.mineBlock.aether_legacy.zanite_ore":10,"stat.killEntity.Sheep":4,"stat.drop.minecraft.iron_boots":2,"stat.killEntity.aechor_plant":10,"stat.pickup.rustic.wildberry_bush":14,"stat.useItem.minecraft.quartz_stairs":4,"stat.pickup.minecraft.gravel":21,"stat.mineBlock.fm.joy_ore":9,"stat.mineBlock.minecraft.anvil":1,"stat.useItem.minecraft.apple":6,"stat.mineBlock.minecraft.deadbush":1,"stat.useItem.minecraft.potion":1,"stat.pickup.twilightforest.torchberries":3,"stat.craftItem.travelersbackpack.backpack_tank":2,"stat.pickup.minecraft.iron_helmet":1,"stat.useItem.minecraft.stone_axe":62,"stat.pickup.minecraft.spider_eye":11,"stat.pickup.minecraft.iron_ore":208,"stat.mineBlock.mca.rose_gold_ore":4,"stat.boatOneCm":136876,"stat.mineBlock.minecraft.iron_bars":42,"stat.craftItem.minecraft.flint_and_steel":1,"stat.pickup.rustic.tomato_seeds":7,"stat.mineBlock.minecraft.leaves2":7,"stat.drop.zawa.worm":1,"stat.pickup.minecraft.leather":2,"stat.mineBlock.minecraft.furnace":1,"stat.useItem.minecraft.wooden_pickaxe":7,"stat.dispenserInspected":5,"stat.pickup.evilcraft.dark_gem":46,"stat.pickup.betternether.nether_cactus":5,"stat.drop.rustic.core_root":1,"stat.pickup.minecraft.reeds":163,"stat.killEntity.CaveSpider":5,"stat.drop.aether_legacy.zanite_ring":3,"tombstone:undead_killed":110,"stat.damageDealt":59641,"stat.craftItem.minecraft.glass":14,"stat.killEntity.zephyr":2,"stat.pickup.aether_legacy.quicksoil":1,"stat.pickup.betternether.agave":2,"stat.sleepInBed":28,"stat.pickup.twilightforest.twilight_log":12,"stat.craftItem.minecraft.anvil":1,"stat.mineBlock.minecraft.nether_brick_stairs":4,"stat.pickup.aether_legacy.victory_medal":5,"stat.pickup.fm.insanity_ore":20,"stat.pickup.zawa.rat_raw":2,"stat.craftItem.minecraft.stone_shovel":2,"stat.walkOneCm":1952112,"stat.craftItem.fm.mithril_ingot":26,"stat.pickup.minecraft.stick":4,"stat.craftItem.elevatorid.elevator_white":2,"stat.useItem.minecraft.spruce_boat":1,"stat.craftItem.fm.topaz_pickaxe":1,"stat.craftItem.aether_legacy.cold_parachute":4,"stat.mineBlock.chisel.basalt2":4,"stat.useItem.fm.obsidian_sword":407,"stat.drop.minecraft.leather_chestplate":1,"stat.pickup.minecraft.stone":61,"stat.mineBlock.minecraft.wool":2,"stat.craftItem.fm.obsidian_chestplate":2,"stat.pickup.minecraft.air":0,"stat.killEntity.Skeleton":35,"stat.mineBlock.minecraft.cactus":1,"stat.pickup.fm.amethyst":22,"stat.killEntity.Spider":32,"stat.mineBlock.biomesoplenty.flesh":1,"stat.mineBlock.minecraft.quartz_ore":3,"stat.pickup.astralsorcery.itemcraftingcomponent":10,"stat.pickup.minecraft.quartz":3,"stat.mineBlock.minecraft.leaves":67,"stat.mineBlock.betternether.egg_plant":25,"stat.mineBlock.minecraft.redstone_ore":2,"stat.pickup.rustic.core_root":1,"stat.mineBlock.minecraft.bone_block":21,"stat.drop.zawa.care_guide":1,"stat.mineBlock.minecraft.stone":489,"stat.useItem.minecraft.sandstone":1}