{"stat.leaveGame":4,"stat.mineBlock.aether_legacy.ambrosium_ore":17,"stat.drop.minecraft.redstone":2,"stat.pickup.astralsorcery.itemconstellationpaper":1,"stat.mineBlock.rustic.leaves":2,"stat.pickup.minecraft.lapis_block":1,"stat.useItem.minecraft.glowstone":16,"stat.mineBlock.minecraft.sandstone":4,"stat.drop.minecraft.shield":1,"stat.mineBlock.fm.insanity_ore":12,"stat.craftItem.minecraft.shield":2,"stat.pickup.minecraft.glowstone_dust":70,"stat.drop.minecraft.feather":15,"stat.mineBlock.aether_legacy.crystal_leaves":1,"stat.drop.minecraft.iron_sword":1,"stat.useItem.minecraft.water_bucket":55,"stat.mineBlock.aether_legacy.dungeon_block":4,"stat.pickup.minecraft.rotten_flesh":16,"stat.pickup.minecraft.sand":12,"stat.craftItem.minecraft.stone_axe":1,"stat.killEntity.Enderman":1,"stat.pickup.fm.copper_ore":3,"stat.mineBlock.minecraft.wooden_slab":1,"stat.mineBlock.twilightforest.twilight_log":13,"stat.drop.fm.obsidian_sword":1,"stat.drop.fm.obsidian_pickaxe":1,"stat.mineBlock.fm.copper_ore":3,"stat.mineBlock.minecraft.snow_layer":87,"stat.pickup.minecraft.brown_mushroom":2,"stat.mineBlock.minecraft.sand":4,"stat.killEntity.twilightforest.kobold":1,"stat.mineBlock.rustic.log":1,"stat.killEntity.Witch":1,"stat.pickup.fm.uranium_ore":9,"stat.craftItem.aether_legacy.zanite_ring":1,"stat.useItem.minecraft.iron_pickaxe":179,"stat.craftItem.minecraft.wooden_pickaxe":1,"stat.mineBlock.fm.amethyst_ore":5,"stat.killEntity.twilightforest.skeleton_druid":4,"stat.pickup.minecraft.double_plant":2,"stat.craftItem.minecraft.bed":1,"stat.mineBlock.minecraft.vine":1,"stat.pickup.rustic.wildberries":5,"stat.furnaceInteraction":25,"stat.drop.minecraft.gravel":1,"stat.mineBlock.aether_legacy.berry_bush":54,"stat.craftItem.fm.obsidian_leggings":2,"stat.mineBlock.minecraft.lapis_block":1,"stat.craftItem.fm.obsidian_boots":2,"stat.pickup.zawa.large_meat_raw":1,"stat.useItem.minecraft.cooked_mutton":2,"stat.pickup.minecraft.furnace":1,"stat.pickup.aether_legacy.ambrosium_shard":17,"stat.mineBlock.aether_legacy.aether_leaves":1,"stat.drop.zawa.large_meat_raw":1,"stat.useItem.rustic.wildberries":29,"stat.mineBlock.fm.uranium_ore":9,"stat.pickup.aether_legacy.neptune_gloves":5,"stat.pickup.tombstone.magic_scroll":1,"stat.pickup.mca.rose_gold_ore":3,"stat.useItem.minecraft.flint_and_steel":1,"stat.mineBlock.astralsorcery.blockmarble":31,"stat.pickup.minecraft.emerald":2,"stat.craftItem.fm.obsidian_helmet":2,"stat.useItem.minecraft.dye":2,"stat.deaths":9,"stat.mineBlock.aether_legacy.aercloud":17,"stat.pickup.aether_legacy.dart":1,"stat.playOneMinute":249105,"stat.craftItem.minecraft.iron_pickaxe":1,"stat.craftItem.fm.obsidian_pickaxe":1,"stat.pickup.zawa.care_guide":1,"stat.pickup.minecraft.iron_bars":5,"stat.drop.minecraft.glass_bottle":1,"stat.drop.minecraft.torch":1,"stat.drop.aether_legacy.neptune_gloves":3,"stat.pickup.rustic.aloe_vera":5,"stat.pickup.fm.topaz":9,"stat.pickup.aether_legacy.white_apple":2,"stat.pickup.chisel.marble2":1,"stat.mineBlock.minecraft.tallgrass":138,"stat.craftItem.minecraft.cooked_mutton":2,"stat.pickup.minecraft.netherrack":192,"stat.chestOpened":78,"stat.useItem.minecraft.stone":1,"stat.mineBlock.minecraft.netherrack":210,"stat.pickup.minecraft.iron_sword":2,"stat.pickup.minecraft.arrow":4,"stat.drop.betternether.lucis_spore":1,"stat.pickup.minecraft.gold_nugget":1,"stat.useItem.aether_legacy.dungeon_block":2,"stat.drop.minecraft.iron_pickaxe":1,"stat.useItem.rustic.wildberry_bush":13,"stat.fallOneCm":173966,"stat.pickup.chisel.basalt2":3,"stat.drop.minecraft.stone":4,"stat.pickup.minecraft.carrot":1,"stat.crouchOneCm":36089,"stat.mineBlock.minecraft.chest":1,"stat.craftItem.minecraft.chest":2,"stat.craftItem.minecraft.iron_ingot":47,"stat.craftingTableInteraction":28,"stat.mineBlock.minecraft.nether_wart_block":1,"stat.pickup.betternether.barrel_cactus":3,"stat.mineBlock.minecraft.log2":18,"stat.pickup.minecraft.feather":15,"stat.drop.minecraft.bone":4,"stat.useItem.minecraft.furnace":1,"stat.mineBlock.fm.topaz_ore":9,"stat.pickup.minecraft.dye":12,"stat.pickup.chisel.limestone2":2,"stat.pickup.minecraft.wheat_seeds":8,"stat.pickup.aether_legacy.aercloud":25,"stat.mineBlock.minecraft.gravel":9,"stat.useItem.minecraft.stone_pickaxe":291,"stat.killEntity.cockatrice":3,"stat.drop.twilightforest.torchberries":2,"stat.useItem.minecraft.wool":1,"stat.mineBlock.rustic.aloe_vera":2,"stat.mineBlock.betternether.nether_mycelium":1,"stat.mineBlock.minecraft.dirt":36,"stat.useItem.minecraft.iron_bars":3,"stat.useItem.minecraft.bread":10,"stat.useItem.minecraft.torch":94,"stat.pickup.minecraft.golden_apple":1,"stat.drop.tombstone.crafting_ingredient":2,"stat.useItem.zawa.reptile_meat_raw":1,"stat.pickup.minecraft.crafting_table":4,"stat.useItem.minecraft.cobblestone":473,"stat.craftItem.minecraft.crafting_table":4,"stat.mineBlock.minecraft.double_plant":6,"stat.pickup.minecraft.redstone_block":1,"stat.pickup.aether_legacy.lightning_sword":1,"stat.pickup.minecraft.log":10,"stat.useItem.minecraft.cooked_fish":7,"stat.craftItem.twilightforest.twilight_oak_planks":16,"stat.useItem.rustic.aloe_vera":3,"stat.drop.minecraft.carrot":10,"stat.drop.minecraft.sapling":4,"stat.pickup.minecraft.sapling":8,"stat.pickup.aether_legacy.dungeon_key":1,"stat.entityKilledBy.Enderman":2,"stat.mineBlock.twilightforest.twilight_leaves":49,"stat.pickup.minecraft.beetroot":1,"stat.mineBlock.twilightforest.firefly":2,"stat.craftItem.minecraft.bucket":2,"stat.craftItem.minecraft.planks":112,"stat.useItem.minecraft.iron_sword":89,"stat.useItem.aether_legacy.lightning_sword":22,"stat.mineBlock.minecraft.log":9,"stat.pickup.minecraft.golden_sword":1,"stat.pickup.betternether.nether_mycelium":1,"stat.drop.aether_legacy.swetty_ball":4,"stat.useItem.aether_legacy.aether_dirt":2,"stat.drop.aether_legacy.aercloud":9,"stat.sneakTime":14584,"stat.pickup.minecraft.wool":7,"stat.pickup.rustic.chili_pepper_seeds":3,"stat.pickup.aether_legacy.zanite_ring":4,"stat.drop.minecraft.yellow_flower":2,"stat.pickup.minecraft.yellow_flower":5,"stat.useItem.twilightforest.twilight_log":2,"stat.useItem.minecraft.beetroot":1,"stat.pickup.minecraft.chest":9,"stat.cakeSlicesEaten":5,"stat.pickup.minecraft.bone":12,"stat.mineBlock.minecraft.cobblestone":78,"stat.pickup.minecraft.flint":3,"stat.mineBlock.minecraft.yellow_flower":1,"stat.pickup.aether_legacy.holystone":41,"stat.killEntity.firefly":1,"stat.mineBlock.betternether.barrel_cactus":4,"stat.drop.fm.l_essence_of_greed":7,"stat.pickup.fm.mithril_ore":1,"stat.swimOneCm":90251,"stat.mineBlock.betternether.nether_cactus":4,"stat.climbOneCm":17852,"stat.pickup.minecraft.glowstone":7,"stat.killEntity.mimic":6,"stat.drop.minecraft.cobblestone":2,"stat.mineBlock.evilcraft.dark_ore":2,"stat.drop.minecraft.brown_mushroom":2,"stat.useItem.minecraft.obsidian":10,"stat.useItem.minecraft.cookie":3,"stat.useItem.minecraft.dirt":10,"stat.killEntity.swet":18,"stat.killEntity.sentry":5,"stat.mineBlock.betternether.nether_grass":1,"stat.useItem.minecraft.stone_slab2":91,"stat.craftItem.minecraft.furnace":5,"stat.drop.zawa.rat_raw":1,"stat.pickup.minecraft.nether_wart_block":1,"stat.craftItem.minecraft.stone_pickaxe":3,"stat.mineBlock.minecraft.obsidian":79,"stat.pickup.minecraft.cobblestone":317,"stat.pickup.aether_legacy.aether_dirt":3,"stat.mineBlock.minecraft.redstone_block":1,"stat.mineBlock.chisel.limestone2":2,"stat.useItem.minecraft.stone_shovel":99,"stat.flyOneCm":749822,"stat.pickup.minecraft.sandstone":4,"stat.pickup.rustic.honeycomb":2,"stat.drop.minecraft.wheat_seeds":6,"stat.pickup.mowziesmobs.glowing_jelly":1,"stat.drop.astralsorcery.itemconstellationpaper":1,"stat.pickup.rustic.slate":4,"stat.pickup.aether_legacy.blue_berry":106,"stat.useItem.minecraft.cooked_beef":2,"stat.pickup.fm.l_essence_of_greed":91,"stat.pickup.minecraft.cactus":1,"stat.useItem.fm.topaz_pickaxe":556,"stat.pickup.minecraft.redstone":2,"stat.mineBlock.minecraft.iron_ore":42,"stat.timeSinceDeath":1382,"stat.craftItem.rustic.planks":4,"stat.useItem.aether_legacy.blue_berry":86,"stat.drop.minecraft.spider_eye":1,"stat.pickup.minecraft.mutton":7,"stat.drop.rustic.chili_pepper_seeds":2,"stat.useItem.minecraft.potato":1,"stat.pickup.minecraft.nether_wart":21,"stat.pickup.minecraft.stonebrick":2,"stat.drop.minecraft.dirt":3,"stat.drop.minecraft.beetroot_seeds":3,"stat.mineBlock.minecraft.coal_ore":66,"stat.killEntity.Creeper":2,"stat.talkedToVillager":18,"stat.pickup.aether_legacy.swetty_ball":8,"stat.pickup.minecraft.string":5,"stat.useItem.betternether.barrel_cactus":1,"stat.useItem.astralsorcery.blockmarble":6,"stat.pickup.tombstone.crafting_ingredient":4,"stat.mineBlock.betternether.agave":1,"stat.craftItem.minecraft.stone_slab2":0,"stat.drop.minecraft.obsidian":1,"stat.useItem.minecraft.written_book":4,"stat.pickup.zawa.reptile_meat_raw":1,"stat.sprintOneCm":345177,"stat.drop.rustic.tomato_seeds":4,"stat.pickup.minecraft.paper":1,"stat.useItem.aether_legacy.aercloud":6,"stat.craftItem.minecraft.stick":40,"stat.pickup.minecraft.bone_block":22,"stat.pickup.betternether.lucis_spore":2,"stat.mineBlock.rustic.wildberry_bush":15,"stat.useItem.minecraft.snowball":95,"stat.mineBlock.minecraft.crafting_table":4,"stat.mineBlock.fm.mithril_ore":1,"stat.drop.minecraft.golden_apple":1,"stat.pickup.minecraft.leather_leggings":1,"stat.entityKilledBy.Creeper":1,"stat.drop":115,"stat.mineBlock.aether_legacy.zanite_ore":6,"stat.killEntity.Sheep":4,"stat.mineBlock.aether_legacy.aether_log":8,"stat.killEntity.aechor_plant":1,"stat.killEntity.Zombie":7,"stat.pickup.minecraft.snowball":191,"stat.craftItem.minecraft.dye":3,"stat.pickup.fm.obsidian_chestplate":1,"stat.mineBlock.minecraft.gold_ore":8,"stat.diveOneCm":29647,"stat.pickup.minecraft.wheat":2,"stat.useItem.zawa.rat_raw":1,"stat.pickup.rustic.wildberry_bush":14,"stat.pickup.minecraft.gravel":12,"stat.craftItem.fm.obsidian_sword":2,"stat.useItem.minecraft.apple":6,"stat.pickup.minecraft.obsidian":77,"stat.useItem.minecraft.potion":1,"stat.pickup.twilightforest.torchberries":3,"stat.useItem.minecraft.rotten_flesh":13,"stat.pickup.aether_legacy.dungeon_block":11,"stat.pickup.betternether.black_bush":2,"stat.drop.minecraft.sandstone":2,"stat.jump":5256,"stat.pickup.minecraft.coal":72,"stat.pickup.minecraft.iron_ingot":3,"stat.useItem.minecraft.stone_axe":62,"stat.pickup.minecraft.gunpowder":1,"stat.useItem.aether_legacy.white_apple":1,"stat.pickup.minecraft.spider_eye":3,"stat.craftItem.minecraft.torch":72,"stat.pickup.minecraft.dirt":47,"stat.pickup.evilcraft.dark_gem_crushed":1,"stat.mineBlock.fm.lead_ore":4,"stat.pickup.minecraft.iron_ore":47,"stat.pickup.rustic.log":1,"stat.mineBlock.mca.rose_gold_ore":3,"stat.mineBlock.minecraft.iron_bars":5,"stat.useItem.minecraft.sapling":3,"stat.pickup.minecraft.gold_ore":8,"stat.mineBlock.minecraft.lapis_ore":2,"stat.craftItem.minecraft.flint_and_steel":1,"stat.pickup.rustic.tomato_seeds":4,"stat.mineBlock.minecraft.leaves2":7,"stat.damageTaken":6791,"stat.pickup.twilightforest.firefly":2,"stat.pickup.minecraft.written_book":3,"stat.mineBlock.minecraft.red_flower":1,"stat.mineBlock.minecraft.torch":25,"stat.mineBlock.minecraft.furnace":1,"stat.useItem.minecraft.wooden_pickaxe":7,"stat.pickup.evilcraft.dark_gem":5,"stat.pickup.betternether.nether_cactus":5,"stat.pickup.minecraft.log2":18,"stat.craftItem.minecraft.glowstone":17,"stat.pickup.minecraft.reeds":22,"stat.pickup.minecraft.bed":5,"stat.drop.aether_legacy.zanite_ring":3,"tombstone:undead_killed":16,"stat.pickup.minecraft.potato":1,"stat.damageDealt":27645,"stat.mineBlock.aether_legacy.holystone":42,"stat.killEntity.zephyr":1,"stat.pickup.betternether.agave":2,"stat.sleepInBed":7,"stat.pickup.twilightforest.twilight_log":12,"stat.pickup.aether_legacy.victory_medal":5,"stat.pickup.fm.insanity_ore":12,"stat.pickup.zawa.rat_raw":2,"stat.craftItem.minecraft.stone_shovel":1,"stat.walkOneCm":912854,"stat.animalsBred":2,"stat.useItem.minecraft.chest":3,"stat.pickup.fm.lead_ore":5,"stat.craftItem.fm.topaz_pickaxe":1,"stat.mineBlock.chisel.basalt2":3,"stat.useItem.fm.obsidian_sword":233,"stat.useItem.tombstone.gift":1,"stat.pickup.aether_legacy.aether_log":8,"stat.pickup.minecraft.stone":47,"stat.mineBlock.minecraft.wool":2,"stat.mineBlock.evilcraft.nether_monster_block":1,"stat.drop.betternether.nether_mycelium":1,"stat.craftItem.fm.obsidian_chestplate":2,"stat.pickup.minecraft.air":0,"stat.useItem.minecraft.netherrack":122,"stat.mineBlock.aether_legacy.aether_grass":3,"stat.killEntity.Skeleton":5,"stat.mineBlock.minecraft.cactus":1,"stat.pickup.biomesoplenty.gem":2,"stat.mineBlock.minecraft.stonebrick":2,"stat.pickup.fm.amethyst":5,"stat.killEntity.Spider":8,"stat.mineBlock.biomesoplenty.flesh":1,"stat.pickup.astralsorcery.itemcraftingcomponent":10,"stat.mineBlock.minecraft.glowstone":21,"stat.mobKills":99,"stat.drop.minecraft.written_book":3,"stat.pickup.minecraft.diamond":3,"stat.mineBlock.minecraft.leaves":44,"stat.pickup.minecraft.beetroot_seeds":3,"stat.pickup.minecraft.torch":30,"stat.mineBlock.minecraft.redstone_ore":2,"stat.pickup.astralsorcery.blockmarble":30,"stat.mineBlock.astralsorcery.blockcustomsandore":4,"stat.mineBlock.minecraft.bone_block":21,"stat.pickup.evilcraft.werewolf_flesh":1,"stat.pickup.aether_legacy.zanite_gemstone":6,"stat.drop.zawa.care_guide":1,"stat.mineBlock.minecraft.stone":239,"stat.useItem.minecraft.sandstone":1}