{
  "minecraft:recipes/tools/fishing_rod": {
    "criteria": {
      "has_string": "2024-07-12 16:45:45 +0000"
    },
    "done": true
  },
  "minecraft:recipes/building_blocks/purple_wool": {
    "criteria": {
      "has_white_wool": "2024-07-12 16:36:21 +0000"
    },
    "done": true
  },
  "minecraft:recipes/redstone/lever": {
    "criteria": {
      "has_cobblestone": "2024-07-12 16:41:09 +0000"
    },
    "done": true
  },
  "tombstone:tutorial/first_knowledge": {
    "criteria": {
      "coded_trigger": "2024-07-12 17:28:26 +0000"
    },
    "done": true
  },
  "minecraft:recipes/building_blocks/magenta_concrete_powder": {
    "criteria": {
      "has_sand": "2024-07-12 16:47:35 +0000"
    },
    "done": true
  },
  "minecraft:recipes/decorations/blue_bed": {
    "criteria": {
      "has_blue_wool": "2024-07-12 19:57:15 +0000"
    },
    "done": true
  },
  "biomesoplenty:recipes/buildingblocks/coarse_silty_dirt": {
    "criteria": {
      "has_gravel": "2024-07-12 17:19:19 +0000"
    },
    "done": true
  },
  "aether_legacy:recipes/building_blocks/hellfire_wall": {
    "criteria": {
      "has_hellfire": "2024-07-12 19:32:01 +0000"
    },
    "done": true
  },
  "minecraft:recipes/combat/iron_sword": {
    "criteria": {
      "has_iron_ingot": "2024-07-12 17:49:58 +0000"
    },
    "done": true
  },
  "minecraft:recipes/redstone/spruce_door": {
    "criteria": {
      "has_planks": "2024-07-12 17:40:06 +0000"
    },
    "done": true
  },
  "aether_legacy:recipes/tools/gravitite_shovel": {
    "criteria": {
      "has_enchanted_gravitite": "2024-07-15 06:42:42 +0000"
    },
    "done": true
  },
  "minecraft:recipes/building_blocks/oak_wooden_slab": {
    "criteria": {
      "has_planks": "2024-07-16 00:33:24 +0000"
    },
    "done": true
  },
  "minecraft:recipes/building_blocks/snow": {
    "criteria": {
      "has_snowball": "2024-07-12 17:35:46 +0000"
    },
    "done": true
  },
  "astralsorcery:root": {
    "criteria": {
      "astralsorcery_present": "2024-07-12 16:34:38 +0000"
    },
    "done": true
  },
  "minecraft:recipes/decorations/white_bed": {
    "criteria": {
      "has_white_wool": "2024-07-12 16:36:21 +0000"
    },
    "done": true
  },
  "minecraft:recipes/building_blocks/lime_concrete_powder": {
    "criteria": {
      "has_sand": "2024-07-12 16:47:35 +0000"
    },
    "done": true
  },
  "minecraft:recipes/tools/iron_pickaxe": {
    "criteria": {
      "has_iron_ingot": "2024-07-12 17:49:59 +0000"
    },
    "done": true
  },
  "minecraft:nether/root": {
    "criteria": {
      "entered_nether": "2024-07-12 18:52:44 +0000"
    },
    "done": true
  },
  "twilightforest:progress_naga": {
    "criteria": {
      "kill_mob": "2024-07-12 19:06:16 +0000"
    },
    "done": false
  },
  "minecraft:recipes/building_blocks/yellow_concrete_powder": {
    "criteria": {
      "has_sand": "2024-07-12 16:47:35 +0000"
    },
    "done": true
  },
  "minecraft:recipes/redstone/spruce_fence_gate": {
    "criteria": {
      "has_planks": "2024-07-12 17:40:06 +0000"
    },
    "done": true
  },
  "minecraft:recipes/decorations/crafting_table": {
    "criteria": {
      "has_planks": "2024-07-12 16:36:02 +0000"
    },
    "done": true
  },
  "minecraft:recipes/building_blocks/magenta_wool": {
    "criteria": {
      "has_white_wool": "2024-07-12 16:36:21 +0000"
    },
    "done": true
  },
  "minecraft:recipes/redstone/redstone": {
    "criteria": {
      "has_redstone_block": "2024-07-12 16:42:47 +0000"
    },
    "done": true
  },
  "minecraft:recipes/food/bread": {
    "criteria": {
      "has_wheat": "2024-07-12 19:14:38 +0000"
    },
    "done": true
  },
  "aether_legacy:recipes/combat/gravitite_leggings": {
    "criteria": {
      "has_enchanted_gravitite": "2024-07-15 06:42:42 +0000"
    },
    "done": true
  },
  "minecraft:recipes/redstone/trapdoor": {
    "criteria": {
      "has_planks": "2024-07-12 16:36:02 +0000"
    },
    "done": true
  },
  "aether_legacy:craft_altar": {
    "criteria": {
      "enter_aether": "2024-07-15 05:55:37 +0000"
    },
    "done": true
  },
  "minecraft:recipes/decorations/ladder": {
    "criteria": {
      "has_stick": "2024-07-12 16:36:16 +0000"
    },
    "done": true
  },
  "minecraft:recipes/misc/iron_nugget": {
    "criteria": {
      "has_iron_ingot": "2024-07-12 17:49:59 +0000"
    },
    "done": true
  },
  "minecraft:recipes/decorations/chest": {
    "criteria": {
      "has_lots_of_items": "2024-07-12 16:38:18 +0000"
    },
    "done": true
  },
  "minecraft:story/shiny_gear": {
    "criteria": {
      "diamond_leggings": "2024-07-15 05:36:35 +0000"
    },
    "done": true
  },
  "minecraft:recipes/building_blocks/brown_concrete_powder": {
    "criteria": {
      "has_sand": "2024-07-12 16:47:35 +0000"
    },
    "done": true
  },
  "minecraft:recipes/decorations/black_bed_from_white_bed": {
    "criteria": {
      "has_bed": "2024-07-12 16:46:30 +0000"
    },
    "done": true
  },
  "minecraft:recipes/tools/wooden_shovel": {
    "criteria": {
      "has_stick": "2024-07-12 16:36:16 +0000"
    },
    "done": true
  },
  "aether_legacy:recipes/combat/poison_dart_shooter": {
    "criteria": {
      "has_amber": "2024-07-12 19:49:36 +0000"
    },
    "done": true
  },
  "aether_legacy:recipes/tools/skyroot_pickaxe": {
    "criteria": {
      "has_stick": "2024-07-15 06:45:31 +0000"
    },
    "done": true
  },
  "minecraft:recipes/decorations/torch": {
    "criteria": {
      "has_stone_pickaxe": "2024-07-12 16:41:35 +0000"
    },
    "done": true
  },
  "minecraft:recipes/combat/diamond_sword": {
    "criteria": {
      "has_diamond": "2024-07-12 18:00:27 +0000"
    },
    "done": true
  },
  "minecraft:recipes/building_blocks/cyan_wool": {
    "criteria": {
      "has_white_wool": "2024-07-12 16:36:21 +0000"
    },
    "done": true
  },
  "minecraft:recipes/tools/shears": {
    "criteria": {
      "has_iron_ingot": "2024-07-12 17:49:59 +0000"
    },
    "done": true
  },
  "minecraft:recipes/misc/stick": {
    "criteria": {
      "has_planks": "2024-07-12 16:36:02 +0000"
    },
    "done": true
  },
  "aether_legacy:recipes/decorations/freezer": {
    "criteria": {
      "has_stone": "2024-07-12 19:29:00 +0000"
    },
    "done": true
  },
  "minecraft:recipes/redstone/redstone_lamp": {
    "criteria": {
      "has_glowstone": "2024-07-12 18:54:34 +0000"
    },
    "done": true
  },
  "minecraft:recipes/decorations/sign": {
    "criteria": {
      "has_planks": "2024-07-12 16:36:02 +0000"
    },
    "done": true
  },
  "minecraft:recipes/transportation/spruce_boat": {
    "criteria": {
      "entered_water": "2024-07-12 16:38:26 +0000"
    },
    "done": true
  },
  "minecraft:recipes/decorations/jukebox": {
    "criteria": {
      "has_diamond": "2024-07-12 18:00:27 +0000"
    },
    "done": true
  },
  "minecraft:recipes/tools/flint_and_steel": {
    "criteria": {
      "has_flint": "2024-07-12 17:19:17 +0000"
    },
    "done": true
  },
  "aether_legacy:recipes/building_blocks/skyroot_stairs": {
    "criteria": {
      "has_planks": "2024-07-15 05:16:54 +0000"
    },
    "done": true
  },
  "minecraft:recipes/misc/red_dye_from_beetroot": {
    "criteria": {
      "has_beetroot": "2024-07-12 17:03:19 +0000"
    },
    "done": true
  },
  "minecraft:recipes/decorations/blue_carpet": {
    "criteria": {
      "has_blue_wool": "2024-07-12 19:57:15 +0000"
    },
    "done": true
  },
  "biomesoplenty:recipes/transportation/boat_ethereal": {
    "criteria": {
      "entered_water": "2024-07-12 16:38:26 +0000"
    },
    "done": true
  },
  "minecraft:recipes/misc/pink_dye_from_red_bonemeal": {
    "criteria": {
      "has_bonemeal": "2024-07-12 19:19:58 +0000"
    },
    "done": true
  },
  "minecraft:recipes/building_blocks/dark_oak_planks": {
    "criteria": {
      "has_log2": "2024-07-12 16:35:40 +0000"
    },
    "done": true
  },
  "minecraft:recipes/building_blocks/gray_wool": {
    "criteria": {
      "has_white_wool": "2024-07-12 16:36:21 +0000"
    },
    "done": true
  },
  "minecraft:recipes/combat/iron_leggings": {
    "criteria": {
      "has_iron_ingot": "2024-07-12 17:49:59 +0000"
    },
    "done": true
  },
  "minecraft:recipes/redstone/dark_oak_door": {
    "criteria": {
      "has_planks": "2024-07-12 16:36:02 +0000"
    },
    "done": true
  },
  "minecraft:recipes/building_blocks/sandstone_stairs": {
    "criteria": {
      "has_sandstone": "2024-07-12 16:57:51 +0000"
    },
    "done": true
  },
  "minecraft:husbandry/balanced_diet": {
    "criteria": {
      "cooked_mutton": "2024-07-12 18:28:11 +0000",
      "cooked_beef": "2024-07-12 19:16:43 +0000",
      "apple": "2024-07-12 17:32:45 +0000",
      "potato": "2024-07-12 17:51:22 +0000",
      "cooked_cod": "2024-07-12 17:21:58 +0000",
      "mutton": "2024-07-15 05:31:21 +0000",
      "bread": "2024-07-12 16:43:52 +0000",
      "cookie": "2024-07-12 17:17:31 +0000",
      "rotten_flesh": "2024-07-12 17:43:01 +0000",
      "beetroot": "2024-07-12 17:05:33 +0000",
      "carrot": "2024-07-16 00:35:57 +0000"
    },
    "done": false
  },
  "twilightforest:alt/biomes/general_biomes": {
    "criteria": {
      "0": "2024-07-12 19:00:50 +0000"
    },
    "done": true
  },
  "minecraft:recipes/tools/wooden_hoe": {
    "criteria": {
      "has_stick": "2024-07-12 16:36:16 +0000"
    },
    "done": true
  },
  "minecraft:recipes/building_blocks/nether_wart_block": {
    "criteria": {
      "has_nether_wart": "2024-07-12 16:42:42 +0000"
    },
    "done": true
  },
  "tombstone:recipes/from_grave_key": {
    "criteria": {
      "has_ingredient": "2024-07-12 17:28:14 +0000"
    },
    "done": true
  },
  "minecraft:recipes/brewing/golden_carrot": {
    "criteria": {
      "has_gold_nugget": "2024-07-12 19:13:03 +0000"
    },
    "done": true
  },
  "minecraft:recipes/combat/shield": {
    "criteria": {
      "has_iron_ingot": "2024-07-12 17:49:59 +0000"
    },
    "done": true
  },
  "minecraft:recipes/building_blocks/cobblestone_slab": {
    "criteria": {
      "has_cobblestone": "2024-07-12 16:41:09 +0000"
    },
    "done": true
  },
  "aether_legacy:recipes/building_blocks/carved_stairs": {
    "criteria": {
      "has_carved": "2024-07-12 19:32:01 +0000"
    },
    "done": true
  },
  "minecraft:recipes/misc/bucket": {
    "criteria": {
      "has_iron_ingot": "2024-07-12 17:49:59 +0000"
    },
    "done": true
  },
  "aether_legacy:recipes/building_blocks/angelic_slab": {
    "criteria": {
      "has_angelic": "2024-07-12 19:56:07 +0000"
    },
    "done": true
  },
  "minecraft:recipes/redstone/hopper": {
    "criteria": {
      "has_iron_ingot": "2024-07-12 17:49:59 +0000"
    },
    "done": true
  },
  "aether_legacy:recipes/building_blocks/holystone_wall": {
    "criteria": {
      "has_holystone": "2024-07-12 19:29:00 +0000"
    },
    "done": true
  },
  "minecraft:recipes/decorations/yellow_bed_from_white_bed": {
    "criteria": {
      "has_bed": "2024-07-12 16:46:30 +0000"
    },
    "done": true
  },
  "minecraft:recipes/building_blocks/coarse_dirt": {
    "criteria": {
      "has_gravel": "2024-07-12 17:19:19 +0000"
    },
    "done": true
  },
  "aether_legacy:recipes/tools/skyroot_axe": {
    "criteria": {
      "has_stick": "2024-07-15 06:45:31 +0000"
    },
    "done": true
  },
  "twilightforest:arborist": {
    "criteria": {
      "twilight_oak_planks": "2024-07-12 19:02:38 +0000",
      "twilight_oak_log": "2024-07-12 19:02:31 +0000"
    },
    "done": false
  },
  "minecraft:recipes/redstone/fence_gate": {
    "criteria": {
      "has_planks": "2024-07-16 00:33:24 +0000"
    },
    "done": true
  },
  "biomesoplenty:recipes/transportation/boat_mangrove": {
    "criteria": {
      "entered_water": "2024-07-12 16:38:26 +0000"
    },
    "done": true
  },
  "minecraft:recipes/decorations/white_banner": {
    "criteria": {
      "has_white_wool": "2024-07-12 16:36:21 +0000"
    },
    "done": true
  },
  "aether_legacy:recipes/tools/gravitite_pickaxe": {
    "criteria": {
      "has_enchanted_gravitite": "2024-07-15 06:42:42 +0000"
    },
    "done": true
  },
  "aether_legacy:recipes/combat/iron_gloves": {
    "criteria": {
      "has_iron_ingot": "2024-07-12 17:49:59 +0000"
    },
    "done": true
  },
  "minecraft:recipes/building_blocks/light_gray_concrete_powder": {
    "criteria": {
      "has_sand": "2024-07-12 16:47:35 +0000"
    },
    "done": true
  },
  "minecraft:recipes/building_blocks/light_blue_concrete_powder": {
    "criteria": {
      "has_sand": "2024-07-12 16:47:35 +0000"
    },
    "done": true
  },
  "biomesoplenty:recipes/transportation/boat_eucalyptus": {
    "criteria": {
      "entered_water": "2024-07-12 16:38:26 +0000"
    },
    "done": true
  },
  "minecraft:recipes/misc/lime_dye": {
    "criteria": {
      "has_bonemeal": "2024-07-12 19:19:58 +0000"
    },
    "done": true
  },
  "minecraft:recipes/combat/iron_helmet": {
    "criteria": {
      "has_iron_ingot": "2024-07-12 17:49:59 +0000"
    },
    "done": true
  },
  "aether_legacy:recipes/misc/purple_dye_flower": {
    "criteria": {
      "has_purple_flower": "2024-07-15 05:49:52 +0000"
    },
    "done": true
  },
  "minecraft:recipes/building_blocks/pink_concrete_powder": {
    "criteria": {
      "has_sand": "2024-07-12 16:47:35 +0000"
    },
    "done": true
  },
  "minecraft:recipes/combat/bow": {
    "criteria": {
      "has_string": "2024-07-12 16:45:45 +0000"
    },
    "done": true
  },
  "minecraft:recipes/building_blocks/sandstone_slab": {
    "criteria": {
      "has_sandstone": "2024-07-12 16:57:51 +0000"
    },
    "done": true
  },
  "aether_legacy:recipes/combat/gravitite_sword": {
    "criteria": {
      "has_grav": "2024-07-15 06:42:42 +0000"
    },
    "done": true
  },
  "minecraft:recipes/redstone/tnt": {
    "criteria": {
      "has_gunpowder": "2024-07-12 20:01:45 +0000"
    },
    "done": true
  },
  "aether_legacy:recipes/building_blocks/angelic_stairs": {
    "criteria": {
      "has_angelic": "2024-07-12 19:56:07 +0000"
    },
    "done": true
  },
  "minecraft:recipes/building_blocks/smooth_sandstone": {
    "criteria": {
      "has_sandstone": "2024-07-12 16:57:51 +0000"
    },
    "done": true
  },
  "minecraft:recipes/building_blocks/purple_concrete_powder": {
    "criteria": {
      "has_sand": "2024-07-12 16:47:35 +0000"
    },
    "done": true
  },
  "minecraft:recipes/decorations/magenta_bed_from_white_bed": {
    "criteria": {
      "has_bed": "2024-07-12 16:46:30 +0000"
    },
    "done": true
  },
  "minecraft:recipes/decorations/iron_bars": {
    "criteria": {
      "has_iron_ingot": "2024-07-12 17:49:59 +0000"
    },
    "done": true
  },
  "tombstone:tutorial/bone_crusher": {
    "criteria": {
      "coded_trigger": "2024-07-15 06:40:18 +0000"
    },
    "done": true
  },
  "twilightforest:alt/biomes/twilight_forest": {
    "criteria": {
      "discover": "2024-07-12 19:00:50 +0000"
    },
    "done": true
  },
  "minecraft:recipes/misc/sugar": {
    "criteria": {
      "has_reeds": "2024-07-12 16:39:07 +0000"
    },
    "done": true
  },
  "minecraft:recipes/decorations/orange_bed_from_white_bed": {
    "criteria": {
      "has_bed": "2024-07-12 16:46:30 +0000"
    },
    "done": true
  },
  "minecraft:recipes/misc/red_dye_from_rose_bush": {
    "criteria": {
      "has_double_plant": "2024-07-12 17:23:03 +0000"
    },
    "done": true
  },
  "minecraft:recipes/building_blocks/blue_wool": {
    "criteria": {
      "has_white_wool": "2024-07-12 16:36:21 +0000"
    },
    "done": true
  },
  "twilightforest:alt/biomes/oak_savannah": {
    "criteria": {
      "discover": "2024-07-12 19:06:03 +0000"
    },
    "done": true
  },
  "minecraft:recipes/combat/diamond_chestplate": {
    "criteria": {
      "has_diamond": "2024-07-12 18:00:27 +0000"
    },
    "done": true
  },
  "minecraft:story/mine_stone": {
    "criteria": {
      "get_stone": "2024-07-12 16:41:09 +0000"
    },
    "done": true
  },
  "biomesoplenty:biomesoplenty/all_biomes": {
    "criteria": {
      "visceral_heap": "2024-07-12 18:53:40 +0000"
    },
    "done": false
  },
  "aether_legacy:recipes/tools/holystone_pickaxe": {
    "criteria": {
      "has_holystone": "2024-07-12 19:29:00 +0000"
    },
    "done": true
  },
  "minecraft:recipes/decorations/furnace": {
    "criteria": {
      "has_cobblestone": "2024-07-12 16:41:09 +0000"
    },
    "done": true
  },
  "minecraft:recipes/transportation/minecart": {
    "criteria": {
      "has_iron_ingot": "2024-07-12 17:49:59 +0000"
    },
    "done": true
  },
  "minecraft:recipes/food/beetroot_soup": {
    "criteria": {
      "has_beetroot": "2024-07-12 17:03:19 +0000"
    },
    "done": true
  },
  "minecraft:recipes/brewing/cauldron": {
    "criteria": {
      "has_water_bucket": "2024-07-12 18:13:03 +0000"
    },
    "done": true
  },
  "minecraft:recipes/combat/diamond_leggings": {
    "criteria": {
      "has_diamond": "2024-07-12 18:00:27 +0000"
    },
    "done": true
  },
  "minecraft:adventure/sleep_in_bed": {
    "criteria": {
      "slept_in_bed": "2024-07-12 16:46:33 +0000"
    },
    "done": true
  },
  "minecraft:recipes/building_blocks/sandstone": {
    "criteria": {
      "has_sand": "2024-07-12 16:47:35 +0000"
    },
    "done": true
  },
  "minecraft:recipes/building_blocks/spruce_planks": {
    "criteria": {
      "has_log": "2024-07-12 17:39:57 +0000"
    },
    "done": true
  },
  "minecraft:recipes/building_blocks/orange_wool": {
    "criteria": {
      "has_white_wool": "2024-07-12 16:36:21 +0000"
    },
    "done": true
  },
  "minecraft:recipes/tools/wooden_pickaxe": {
    "criteria": {
      "has_stick": "2024-07-12 16:36:16 +0000"
    },
    "done": true
  },
  "minecraft:recipes/tools/iron_hoe": {
    "criteria": {
      "has_iron_ingot": "2024-07-12 17:49:59 +0000"
    },
    "done": true
  },
  "tombstone:tutorial/choose_knowledge": {
    "criteria": {
      "coded_trigger": "2024-07-12 18:10:44 +0000"
    },
    "done": true
  },
  "minecraft:story/lava_bucket": {
    "criteria": {
      "lava_bucket": "2024-07-15 06:15:12 +0000"
    },
    "done": true
  },
  "minecraft:husbandry/root": {
    "criteria": {
      "consumed_item": "2024-07-12 16:37:45 +0000"
    },
    "done": true
  },
  "minecraft:recipes/building_blocks/stone_brick_slab": {
    "criteria": {
      "has_stonebrick": "2024-07-12 16:43:58 +0000"
    },
    "done": true
  },
  "minecraft:recipes/redstone/redstone_torch": {
    "criteria": {
      "has_redstone": "2024-07-12 18:26:35 +0000"
    },
    "done": true
  },
  "minecraft:recipes/transportation/birch_boat": {
    "criteria": {
      "entered_water": "2024-07-12 16:38:26 +0000"
    },
    "done": true
  },
  "minecraft:recipes/building_blocks/oak_stairs": {
    "criteria": {
      "has_planks": "2024-07-16 00:33:24 +0000"
    },
    "done": true
  },
  "minecraft:recipes/building_blocks/green_concrete_powder": {
    "criteria": {
      "has_sand": "2024-07-12 16:47:35 +0000"
    },
    "done": true
  },
  "minecraft:recipes/decorations/enchanting_table": {
    "criteria": {
      "has_obsidian": "2024-07-12 18:13:33 +0000"
    },
    "done": true
  },
  "aether_legacy:recipes/misc/blue_cape": {
    "criteria": {
      "has_blue_wool": "2024-07-12 19:57:15 +0000"
    },
    "done": true
  },
  "minecraft:recipes/misc/light_gray_dye_from_ink_bonemeal": {
    "criteria": {
      "has_bonemeal": "2024-07-12 19:19:58 +0000"
    },
    "done": true
  },
  "aether_legacy:recipes/combat/holystone_sword": {
    "criteria": {
      "has_stone": "2024-07-12 19:29:00 +0000"
    },
    "done": true
  },
  "minecraft:recipes/transportation/acacia_boat": {
    "criteria": {
      "entered_water": "2024-07-12 16:38:26 +0000"
    },
    "done": true
  },
  "minecraft:recipes/tools/iron_shovel": {
    "criteria": {
      "has_iron_ingot": "2024-07-12 17:49:59 +0000"
    },
    "done": true
  },
  "minecraft:recipes/redstone/iron_trapdoor": {
    "criteria": {
      "has_iron_ingot": "2024-07-12 17:49:59 +0000"
    },
    "done": true
  },
  "biomesoplenty:recipes/transportation/boat_redwood": {
    "criteria": {
      "entered_water": "2024-07-12 16:38:26 +0000"
    },
    "done": true
  },
  "minecraft:recipes/decorations/cyan_bed_from_white_bed": {
    "criteria": {
      "has_bed": "2024-07-12 16:46:30 +0000"
    },
    "done": true
  },
  "minecraft:adventure/root": {
    "criteria": {
      "killed_something": "2024-07-12 16:36:21 +0000"
    },
    "done": true
  },
  "aether_legacy:like_a_bossaru": {
    "criteria": {
      "enter_aether": "2024-07-12 19:35:32 +0000"
    },
    "done": true
  },
  "minecraft:recipes/misc/bowl": {
    "criteria": {
      "has_brown_mushroom": "2024-07-12 16:56:04 +0000"
    },
    "done": true
  },
  "evilcraft:cannibal": {
    "criteria": {
      "criteria_0": "2024-07-12 19:39:01 +0000"
    },
    "done": true
  },
  "minecraft:recipes/decorations/gray_bed_from_white_bed": {
    "criteria": {
      "has_bed": "2024-07-12 16:46:30 +0000"
    },
    "done": true
  },
  "minecraft:recipes/building_blocks/white_concrete_powder": {
    "criteria": {
      "has_sand": "2024-07-12 16:47:35 +0000"
    },
    "done": true
  },
  "minecraft:recipes/decorations/lime_bed_from_white_bed": {
    "criteria": {
      "has_bed": "2024-07-12 16:46:30 +0000"
    },
    "done": true
  },
  "aether_legacy:recipes/tools/zanite_pickaxe": {
    "criteria": {
      "has_zanite_gemstone": "2024-07-12 20:01:21 +0000"
    },
    "done": true
  },
  "minecraft:recipes/tools/stone_hoe": {
    "criteria": {
      "has_cobblestone": "2024-07-12 16:41:09 +0000"
    },
    "done": true
  },
  "minecraft:recipes/tools/clock": {
    "criteria": {
      "has_redstone": "2024-07-12 18:26:35 +0000"
    },
    "done": true
  },
  "minecraft:recipes/decorations/spruce_fence": {
    "criteria": {
      "has_planks": "2024-07-12 17:40:06 +0000"
    },
    "done": true
  },
  "minecraft:recipes/tools/diamond_pickaxe": {
    "criteria": {
      "has_diamond": "2024-07-12 18:00:27 +0000"
    },
    "done": true
  },
  "minecraft:recipes/tools/diamond_hoe": {
    "criteria": {
      "has_diamond": "2024-07-12 18:00:27 +0000"
    },
    "done": true
  },
  "biomesoplenty:recipes/transportation/boat_umbran": {
    "criteria": {
      "entered_water": "2024-07-12 16:38:26 +0000"
    },
    "done": true
  },
  "minecraft:recipes/building_blocks/red_nether_brick": {
    "criteria": {
      "has_nether_wart": "2024-07-12 16:42:42 +0000"
    },
    "done": true
  },
  "tombstone:tutorial/cancel_ghostly_shape": {
    "criteria": {
      "coded_trigger": "2024-07-12 17:28:26 +0000"
    },
    "done": true
  },
  "minecraft:recipes/combat/spectral_arrow": {
    "criteria": {
      "has_glowstone_dust": "2024-07-12 18:53:51 +0000"
    },
    "done": true
  },
  "aether_legacy:recipes/building_blocks/angelic_wall": {
    "criteria": {
      "has_angelic": "2024-07-12 19:56:07 +0000"
    },
    "done": true
  },
  "minecraft:recipes/building_blocks/dark_oak_stairs": {
    "criteria": {
      "has_planks": "2024-07-12 16:36:02 +0000"
    },
    "done": true
  },
  "minecraft:adventure/kill_all_mobs": {
    "criteria": {
      "zombie_villager": "2024-07-15 06:21:00 +0000",
      "skeleton": "2024-07-12 16:42:22 +0000",
      "zombie": "2024-07-12 17:30:45 +0000",
      "witch": "2024-07-12 19:22:57 +0000",
      "spider": "2024-07-12 16:45:45 +0000",
      "creeper": "2024-07-12 17:51:19 +0000",
      "enderman": "2024-07-12 17:28:15 +0000"
    },
    "done": false
  },
  "aether_legacy:recipes/tools/iron_pendant": {
    "criteria": {
      "has_iron": "2024-07-12 17:49:58 +0000"
    },
    "done": true
  },
  "minecraft:recipes/tools/diamond_shovel": {
    "criteria": {
      "has_diamond": "2024-07-12 18:00:27 +0000"
    },
    "done": true
  },
  "minecraft:story/enter_the_nether": {
    "criteria": {
      "entered_nether": "2024-07-12 18:52:44 +0000"
    },
    "done": true
  },
  "minecraft:recipes/decorations/green_bed_from_white_bed": {
    "criteria": {
      "has_bed": "2024-07-12 16:46:30 +0000"
    },
    "done": true
  },
  "aether_legacy:recipes/tools/holystone_shovel": {
    "criteria": {
      "has_holystone": "2024-07-12 19:29:00 +0000"
    },
    "done": true
  },
  "aether_legacy:recipes/misc/skyroot_stick": {
    "criteria": {
      "has_planks": "2024-07-15 05:16:54 +0000"
    },
    "done": true
  },
  "twilightforest:alt/entities/death_tome": {
    "criteria": {
      "hurt_by_indirect": "2024-07-12 19:13:54 +0000"
    },
    "done": true
  },
  "aether_legacy:recipes/tools/zanite_ring": {
    "criteria": {
      "has_zanite_gemstone": "2024-07-12 20:01:21 +0000"
    },
    "done": true
  },
  "minecraft:recipes/decorations/white_carpet": {
    "criteria": {
      "has_white_wool": "2024-07-12 16:36:21 +0000"
    },
    "done": true
  },
  "minecraft:recipes/decorations/pink_bed_from_white_bed": {
    "criteria": {
      "has_bed": "2024-07-12 16:46:30 +0000"
    },
    "done": true
  },
  "minecraft:recipes/building_blocks/spruce_stairs": {
    "criteria": {
      "has_planks": "2024-07-12 17:40:06 +0000"
    },
    "done": true
  },
  "aether_legacy:recipes/combat/diamond_gloves": {
    "criteria": {
      "has_diamond": "2024-07-12 18:00:27 +0000"
    },
    "done": true
  },
  "minecraft:recipes/redstone/dark_oak_fence_gate": {
    "criteria": {
      "has_planks": "2024-07-12 16:36:02 +0000"
    },
    "done": true
  },
  "wolfarmor:recipes/combat/diamond_wolf_armor": {
    "criteria": {
      "has_the_ingredients": "2024-07-15 06:21:51 +0000"
    },
    "done": true
  },
  "tombstone:tutorial/first_grave": {
    "criteria": {
      "coded_trigger": "2024-07-12 17:28:12 +0000"
    },
    "done": true
  },
  "twilightforest:root": {
    "criteria": {
      "make_portal": "2024-07-12 19:00:18 +0000"
    },
    "done": true
  },
  "aether_legacy:recipes/combat/gravitite_chestplate": {
    "criteria": {
      "has_enchanted_gravitite": "2024-07-15 06:42:42 +0000"
    },
    "done": true
  },
  "aether_legacy:recipes/building_blocks/hellfire_stairs": {
    "criteria": {
      "has_hellfire": "2024-07-12 19:32:01 +0000"
    },
    "done": true
  },
  "biomesoplenty:recipes/transportation/boat_magic": {
    "criteria": {
      "entered_water": "2024-07-12 16:38:26 +0000"
    },
    "done": true
  },
  "minecraft:recipes/misc/lapis_lazuli": {
    "criteria": {
      "has_lapis_block": "2024-07-12 19:07:10 +0000"
    },
    "done": true
  },
  "aether_legacy:recipes/misc/cold_parachute": {
    "criteria": {
      "has_cloud": "2024-07-12 19:48:42 +0000"
    },
    "done": true
  },
  "minecraft:story/mine_diamond": {
    "criteria": {
      "diamond": "2024-07-12 18:00:27 +0000"
    },
    "done": true
  },
  "minecraft:story/upgrade_tools": {
    "criteria": {
      "stone_pickaxe": "2024-07-12 16:41:35 +0000"
    },
    "done": true
  },
  "twilightforest:twilight_hunter": {
    "criteria": {
      "skeleton_druid": "2024-07-12 19:06:16 +0000"
    },
    "done": true
  },
  "minecraft:recipes/combat/diamond_helmet": {
    "criteria": {
      "has_diamond": "2024-07-12 18:00:27 +0000"
    },
    "done": true
  },
  "aether_legacy:recipes/combat/skyroot_sword": {
    "criteria": {
      "has_stick": "2024-07-15 06:45:31 +0000"
    },
    "done": true
  },
  "aether_legacy:recipes/tools/iron_ring": {
    "criteria": {
      "has_iron": "2024-07-12 17:49:59 +0000"
    },
    "done": true
  },
  "biomesoplenty:recipes/transportation/boat_palm": {
    "criteria": {
      "entered_water": "2024-07-12 16:38:26 +0000"
    },
    "done": true
  },
  "aether_legacy:enter_aether": {
    "criteria": {
      "enter_aether": "2024-07-12 19:23:46 +0000"
    },
    "done": true
  },
  "minecraft:recipes/decorations/blue_bed_from_white_bed": {
    "criteria": {
      "has_bed": "2024-07-12 16:46:30 +0000"
    },
    "done": true
  },
  "aether_legacy:recipes/tools/zanite_pendant": {
    "criteria": {
      "has_zanite_gemstone": "2024-07-12 20:01:21 +0000"
    },
    "done": true
  },
  "minecraft:recipes/building_blocks/orange_concrete_powder": {
    "criteria": {
      "has_sand": "2024-07-12 16:47:35 +0000"
    },
    "done": true
  },
  "minecraft:recipes/building_blocks/cyan_concrete_powder": {
    "criteria": {
      "has_sand": "2024-07-12 16:47:35 +0000"
    },
    "done": true
  },
  "minecraft:recipes/building_blocks/stone_brick_stairs": {
    "criteria": {
      "has_stonebrick": "2024-07-12 16:43:58 +0000"
    },
    "done": true
  },
  "minecraft:recipes/tools/wooden_axe": {
    "criteria": {
      "has_stick": "2024-07-12 16:36:16 +0000"
    },
    "done": true
  },
  "aether_legacy:recipes/building_blocks/holystone_stairs": {
    "criteria": {
      "has_holystone": "2024-07-12 19:29:00 +0000"
    },
    "done": true
  },
  "aether_legacy:recipes/tools/zanite_shovel": {
    "criteria": {
      "has_zanite_gemstone": "2024-07-12 20:01:21 +0000"
    },
    "done": true
  },
  "aether_legacy:recipes/combat/zanite_sword": {
    "criteria": {
      "has_zanite": "2024-07-12 20:01:21 +0000"
    },
    "done": true
  },
  "minecraft:recipes/building_blocks/lime_wool": {
    "criteria": {
      "has_white_wool": "2024-07-12 16:36:21 +0000"
    },
    "done": true
  },
  "minecraft:recipes/misc/cyan_dye": {
    "criteria": {
      "has_lapis": "2024-07-12 18:04:57 +0000"
    },
    "done": true
  },
  "aether_legacy:recipes/building_blocks/carved_wall": {
    "criteria": {
      "has_carved": "2024-07-12 19:32:01 +0000"
    },
    "done": true
  },
  "aether_legacy:recipes/combat/gravitite_helmet": {
    "criteria": {
      "has_enchanted_gravitite": "2024-07-15 06:42:42 +0000"
    },
    "done": true
  },
  "minecraft:recipes/misc/paper": {
    "criteria": {
      "has_reeds": "2024-07-12 16:39:07 +0000"
    },
    "done": true
  },
  "minecraft:recipes/misc/magenta_dye_from_lapis_ink_bonemeal": {
    "criteria": {
      "has_lapis": "2024-07-12 18:04:57 +0000"
    },
    "done": true
  },
  "aether_legacy:recipes/tools/skyroot_shovel": {
    "criteria": {
      "has_stick": "2024-07-15 06:45:31 +0000"
    },
    "done": true
  },
  "minecraft:recipes/building_blocks/black_wool": {
    "criteria": {
      "has_white_wool": "2024-07-12 16:36:21 +0000"
    },
    "done": true
  },
  "minecraft:recipes/building_blocks/green_wool": {
    "criteria": {
      "has_white_wool": "2024-07-12 16:36:21 +0000"
    },
    "done": true
  },
  "minecraft:recipes/misc/light_blue_dye_from_lapis_bonemeal": {
    "criteria": {
      "has_lapis": "2024-07-12 18:04:57 +0000"
    },
    "done": true
  },
  "minecraft:recipes/tools/diamond_axe": {
    "criteria": {
      "has_diamond": "2024-07-12 18:00:27 +0000"
    },
    "done": true
  },
  "minecraft:recipes/misc/magenta_dye_from_lapis_red_pink": {
    "criteria": {
      "has_lapis": "2024-07-12 18:04:57 +0000"
    },
    "done": true
  },
  "aether_legacy:to_infinity_and_beyond": {
    "criteria": {
      "enter_aether": "2024-07-12 19:28:05 +0000"
    },
    "done": true
  },
  "twilightforest:alt/entities/undead": {
    "criteria": {
      "0": "2024-07-12 19:06:09 +0000"
    },
    "done": true
  },
  "minecraft:recipes/building_blocks/brown_wool": {
    "criteria": {
      "has_white_wool": "2024-07-12 16:36:21 +0000"
    },
    "done": true
  },
  "biomesoplenty:recipes/transportation/boat_fir": {
    "criteria": {
      "entered_water": "2024-07-12 16:38:26 +0000"
    },
    "done": true
  },
  "tombstone:tutorial/find_grave_dust": {
    "criteria": {
      "has_grave_dust": "2024-07-12 17:28:32 +0000"
    },
    "done": true
  },
  "minecraft:recipes/misc/light_gray_dye_from_gray_bonemeal": {
    "criteria": {
      "has_bonemeal": "2024-07-12 19:19:58 +0000"
    },
    "done": true
  },
  "aether_legacy:recipes/decorations/enchanter": {
    "criteria": {
      "has_stone": "2024-07-12 19:29:00 +0000"
    },
    "done": true
  },
  "minecraft:recipes/building_blocks/iron_block": {
    "criteria": {
      "has_at_least_9_iron_ingot": "2024-07-12 17:49:59 +0000"
    },
    "done": true
  },
  "minecraft:recipes/decorations/painting": {
    "criteria": {
      "has_wool": "2024-07-12 16:36:21 +0000"
    },
    "done": true
  },
  "aether_legacy:recipes/tools/zanite_axe": {
    "criteria": {
      "has_zanite_gemstone": "2024-07-12 20:01:21 +0000"
    },
    "done": true
  },
  "biomesoplenty:recipes/transportation/boat_sacred_oak": {
    "criteria": {
      "entered_water": "2024-07-12 16:38:26 +0000"
    },
    "done": true
  },
  "biomesoplenty:recipes/transportation/boat_pine": {
    "criteria": {
      "entered_water": "2024-07-12 16:38:26 +0000"
    },
    "done": true
  },
  "minecraft:recipes/redstone/wooden_pressure_plate": {
    "criteria": {
      "has_planks": "2024-07-12 16:36:02 +0000"
    },
    "done": true
  },
  "aether_legacy:recipes/combat/zanite_chestplate": {
    "criteria": {
      "has_zanite_gemstone": "2024-07-12 20:01:21 +0000"
    },
    "done": true
  },
  "evilcraft:first_age": {
    "criteria": {
      "criteria_0": "2024-07-12 17:57:34 +0000"
    },
    "done": true
  },
  "biomesoplenty:biomesoplenty/terrestrial_artifact": {
    "criteria": {
      "emerald": "2024-07-12 18:00:46 +0000",
      "ruby": "2024-07-12 18:01:09 +0000",
      "sapphire": "2024-07-12 18:01:31 +0000"
    },
    "done": false
  },
  "minecraft:recipes/combat/arrow": {
    "criteria": {
      "has_flint": "2024-07-12 17:19:17 +0000"
    },
    "done": true
  },
  "aether_legacy:recipes/combat/gravitite_gloves": {
    "criteria": {
      "has_enchanted_gravitite": "2024-07-15 06:42:42 +0000"
    },
    "done": true
  },
  "minecraft:recipes/building_blocks/coal_block": {
    "criteria": {
      "has_at_least_9_coal": "2024-07-12 17:11:06 +0000"
    },
    "done": true
  },
  "mowziesmobs:root": {
    "criteria": {
      "custom_test_name": "2024-07-12 16:34:38 +0000"
    },
    "done": true
  },
  "minecraft:recipes/misc/yellow_dye_from_dandelion": {
    "criteria": {
      "has_yellow_flower": "2024-07-12 17:20:24 +0000"
    },
    "done": true
  },
  "biomesoplenty:recipes/buildingblocks/coarse_loamy_dirt": {
    "criteria": {
      "has_gravel": "2024-07-12 17:19:19 +0000"
    },
    "done": true
  },
  "minecraft:story/deflect_arrow": {
    "criteria": {
      "deflected_projectile": "2024-07-15 06:05:04 +0000"
    },
    "done": true
  },
  "minecraft:recipes/decorations/snow_layer": {
    "criteria": {
      "has_snowball": "2024-07-12 17:35:46 +0000"
    },
    "done": true
  },
  "minecraft:recipes/building_blocks/light_blue_wool": {
    "criteria": {
      "has_white_wool": "2024-07-12 16:36:21 +0000"
    },
    "done": true
  },
  "minecraft:recipes/redstone/wooden_button": {
    "criteria": {
      "has_planks": "2024-07-12 16:36:02 +0000"
    },
    "done": true
  },
  "minecraft:recipes/combat/wooden_sword": {
    "criteria": {
      "has_stick": "2024-07-12 16:36:16 +0000"
    },
    "done": true
  },
  "minecraft:recipes/tools/stone_shovel": {
    "criteria": {
      "has_cobblestone": "2024-07-12 16:41:09 +0000"
    },
    "done": true
  },
  "minecraft:recipes/building_blocks/oak_planks": {
    "criteria": {
      "has_log": "2024-07-15 05:40:24 +0000"
    },
    "done": true
  },
  "aether_legacy:recipes/tools/gravitite_axe": {
    "criteria": {
      "has_enchanted_gravitite": "2024-07-15 06:42:42 +0000"
    },
    "done": true
  },
  "minecraft:recipes/building_blocks/blue_concrete_powder": {
    "criteria": {
      "has_sand": "2024-07-12 16:47:35 +0000"
    },
    "done": true
  },
  "aether_legacy:recipes/misc/white_cape": {
    "criteria": {
      "has_white_wool": "2024-07-12 16:36:21 +0000"
    },
    "done": true
  },
  "biomesoplenty:recipes/transportation/boat_cherry": {
    "criteria": {
      "entered_water": "2024-07-12 16:38:26 +0000"
    },
    "done": true
  },
  "minecraft:recipes/building_blocks/gray_concrete_powder": {
    "criteria": {
      "has_sand": "2024-07-12 16:47:35 +0000"
    },
    "done": true
  },
  "aether_legacy:recipes/combat/zanite_leggings": {
    "criteria": {
      "has_zanite_gemstone": "2024-07-12 20:01:21 +0000"
    },
    "done": true
  },
  "minecraft:recipes/decorations/fence": {
    "criteria": {
      "has_planks": "2024-07-16 00:33:24 +0000"
    },
    "done": true
  },
  "minecraft:recipes/tools/iron_axe": {
    "criteria": {
      "has_iron_ingot": "2024-07-12 17:49:59 +0000"
    },
    "done": true
  },
  "aether_legacy:recipes/decorations/skyroot_bed": {
    "criteria": {
      "has_planks": "2024-07-15 05:16:54 +0000"
    },
    "done": true
  },
  "minecraft:recipes/building_blocks/andesite": {
    "criteria": {
      "has_stone": "2024-07-12 17:47:04 +0000"
    },
    "done": true
  },
  "minecraft:recipes/building_blocks/glowstone": {
    "criteria": {
      "has_glowstone_dust": "2024-07-12 18:53:51 +0000"
    },
    "done": true
  },
  "twilightforest:alt/entities/skeleton_druid": {
    "criteria": {
      "hurt_by_indirect": "2024-07-12 19:06:09 +0000"
    },
    "done": true
  },
  "minecraft:recipes/redstone/tripwire_hook": {
    "criteria": {
      "has_string": "2024-07-12 16:45:45 +0000"
    },
    "done": true
  },
  "minecraft:recipes/building_blocks/dark_oak_wooden_slab": {
    "criteria": {
      "has_planks": "2024-07-12 16:36:02 +0000"
    },
    "done": true
  },
  "minecraft:recipes/combat/iron_boots": {
    "criteria": {
      "has_iron_ingot": "2024-07-12 17:49:59 +0000"
    },
    "done": true
  },
  "minecraft:recipes/building_blocks/birch_planks": {
    "criteria": {
      "has_log": "2024-07-15 07:03:12 +0000"
    },
    "done": true
  },
  "minecraft:recipes/misc/bone_meal_from_bone": {
    "criteria": {
      "has_bone": "2024-07-12 16:42:23 +0000"
    },
    "done": true
  },
  "minecraft:recipes/building_blocks/black_concrete_powder": {
    "criteria": {
      "has_sand": "2024-07-12 16:47:35 +0000"
    },
    "done": true
  },
  "twilightforest:alt/biomes/firefly_forest": {
    "criteria": {
      "discover": "2024-07-12 19:08:01 +0000"
    },
    "done": true
  },
  "minecraft:story/iron_tools": {
    "criteria": {
      "iron_pickaxe": "2024-07-12 17:50:59 +0000"
    },
    "done": true
  },
  "biomesoplenty:recipes/transportation/boat_ebony": {
    "criteria": {
      "entered_water": "2024-07-12 16:38:26 +0000"
    },
    "done": true
  },
  "biomesoplenty:recipes/transportation/boat_hellbark": {
    "criteria": {
      "entered_water": "2024-07-12 16:38:26 +0000"
    },
    "done": true
  },
  "minecraft:recipes/building_blocks/spruce_wooden_slab": {
    "criteria": {
      "has_planks": "2024-07-12 17:40:06 +0000"
    },
    "done": true
  },
  "minecraft:story/root": {
    "criteria": {
      "crafting_table": "2024-07-12 16:36:12 +0000"
    },
    "done": true
  },
  "twilightforest:alt/biomes/mushroom_forest": {
    "criteria": {
      "discover": "2024-07-12 19:05:51 +0000"
    },
    "done": true
  },
  "aether_legacy:recipes/tools/holystone_axe": {
    "criteria": {
      "has_holystone": "2024-07-12 19:29:00 +0000"
    },
    "done": true
  },
  "minecraft:recipes/combat/iron_chestplate": {
    "criteria": {
      "has_iron_ingot": "2024-07-12 17:49:59 +0000"
    },
    "done": true
  },
  "minecraft:recipes/redstone/dropper": {
    "criteria": {
      "has_redstone": "2024-07-12 18:26:35 +0000"
    },
    "done": true
  },
  "minecraft:recipes/building_blocks/yellow_wool": {
    "criteria": {
      "has_white_wool": "2024-07-12 16:36:21 +0000"
    },
    "done": true
  },
  "aether_legacy:recipes/decorations/skyroot_fence_gate": {
    "criteria": {
      "has_planks": "2024-07-15 05:16:54 +0000"
    },
    "done": true
  },
  "minecraft:story/form_obsidian": {
    "criteria": {
      "obsidian": "2024-07-12 18:13:33 +0000"
    },
    "done": true
  },
  "twilightforest:alt/major_landmarks/hollow_hills": {
    "criteria": {
      "1": "2024-07-12 19:07:25 +0000"
    },
    "done": true
  },
  "minecraft:recipes/redstone/noteblock": {
    "criteria": {
      "has_redstone": "2024-07-12 18:26:35 +0000"
    },
    "done": true
  },
  "aether_legacy:recipes/building_blocks/holystone_brick": {
    "criteria": {
      "has_stone": "2024-07-12 19:29:00 +0000"
    },
    "done": true
  },
  "minecraft:recipes/decorations/light_blue_bed_from_white_bed": {
    "criteria": {
      "has_bed": "2024-07-12 16:46:30 +0000"
    },
    "done": true
  },
  "minecraft:recipes/building_blocks/red_concrete_powder": {
    "criteria": {
      "has_sand": "2024-07-12 16:47:35 +0000"
    },
    "done": true
  },
  "minecraft:recipes/building_blocks/string_to_wool": {
    "criteria": {
      "has_string": "2024-07-12 16:45:45 +0000"
    },
    "done": true
  },
  "biomesoplenty:recipes/transportation/boat_mahogany": {
    "criteria": {
      "entered_water": "2024-07-12 16:38:26 +0000"
    },
    "done": true
  },
  "twilightforest:alt/entities/kobold": {
    "criteria": {
      "hurt_by_indirect": "2024-07-12 19:11:39 +0000"
    },
    "done": true
  },
  "tombstone:tutorial/root": {
    "criteria": {
      "auto": "2024-07-12 16:34:38 +0000"
    },
    "done": true
  },
  "tombstone:tutorial/create_familiar_receptacle": {
    "criteria": {
      "has_familiar_receptacle": "2024-07-12 19:52:32 +0000"
    },
    "done": true
  },
  "minecraft:recipes/tools/compass": {
    "criteria": {
      "has_redstone": "2024-07-12 18:26:35 +0000"
    },
    "done": true
  },
  "minecraft:adventure/kill_a_mob": {
    "criteria": {
      "skeleton": "2024-07-12 16:42:22 +0000"
    },
    "done": true
  },
  "biomesoplenty:recipes/buildingblocks/coarse_sandy_dirt": {
    "criteria": {
      "has_gravel": "2024-07-12 17:19:19 +0000"
    },
    "done": true
  },
  "twilightforest:alt/major_landmarks/medium_hollow_hill": {
    "criteria": {
      "discover": "2024-07-12 19:07:25 +0000"
    },
    "done": true
  },
  "twilightforest:alt/major_landmarks/lich_tower": {
    "criteria": {
      "discover": "2024-07-12 19:12:54 +0000"
    },
    "done": true
  },
  "aether_legacy:recipes/building_blocks/skyroot_slab": {
    "criteria": {
      "has_planks": "2024-07-15 05:16:54 +0000"
    },
    "done": true
  },
  "tombstone:recipes/from_grave_dust": {
    "criteria": {
      "has_ingredient": "2024-07-12 17:28:32 +0000"
    },
    "done": true
  },
  "minecraft:recipes/building_blocks/polished_andesite": {
    "criteria": {
      "has_stone": "2024-07-12 17:12:06 +0000"
    },
    "done": true
  },
  "aether_legacy:recipes/combat/poison_dart": {
    "criteria": {
      "has_dart": "2024-07-12 19:49:36 +0000"
    },
    "done": true
  },
  "minecraft:recipes/misc/gray_dye": {
    "criteria": {
      "has_bonemeal": "2024-07-12 19:19:58 +0000"
    },
    "done": true
  },
  "minecraft:adventure/adventuring_time": {
    "criteria": {
      "forest": "2024-07-12 16:37:59 +0000",
      "birch_forest": "2024-07-12 17:22:14 +0000",
      "deep_ocean": "2024-07-15 06:33:09 +0000",
      "beaches": "2024-07-12 16:59:16 +0000",
      "extreme_hills_with_trees": "2024-07-12 19:20:12 +0000",
      "forest_hills": "2024-07-12 16:45:12 +0000",
      "plains": "2024-07-12 16:34:38 +0000",
      "birch_forest_hills": "2024-07-12 17:23:02 +0000",
      "ocean": "2024-07-12 17:03:23 +0000",
      "extreme_hills": "2024-07-12 17:32:59 +0000",
      "roofed_forest": "2024-07-12 16:35:44 +0000",
      "river": "2024-07-12 16:39:37 +0000",
      "desert": "2024-07-12 16:40:58 +0000"
    },
    "done": false
  },
  "minecraft:recipes/redstone/iron_door": {
    "criteria": {
      "has_iron_ingot": "2024-07-12 17:49:59 +0000"
    },
    "done": true
  },
  "aether_legacy:recipes/building_blocks/carved_slab": {
    "criteria": {
      "has_carved": "2024-07-12 19:32:01 +0000"
    },
    "done": true
  },
  "minecraft:recipes/decorations/purple_bed_from_white_bed": {
    "criteria": {
      "has_bed": "2024-07-12 16:46:30 +0000"
    },
    "done": true
  },
  "minecraft:recipes/misc/book": {
    "criteria": {
      "has_paper": "2024-07-12 19:13:52 +0000"
    },
    "done": true
  },
  "aether_legacy:dethroned": {
    "criteria": {
      "enter_aether": "2024-07-12 19:55:44 +0000"
    },
    "done": true
  },
  "minecraft:recipes/combat/stone_sword": {
    "criteria": {
      "has_cobblestone": "2024-07-12 16:41:09 +0000"
    },
    "done": true
  },
  "biomesoplenty:recipes/transportation/boat_willow": {
    "criteria": {
      "entered_water": "2024-07-12 16:38:26 +0000"
    },
    "done": true
  },
  "minecraft:recipes/decorations/cobblestone_wall": {
    "criteria": {
      "has_cobblestone": "2024-07-12 16:41:09 +0000"
    },
    "done": true
  },
  "minecraft:recipes/brewing/fermented_spider_eye": {
    "criteria": {
      "has_spider_eye": "2024-07-12 17:27:39 +0000"
    },
    "done": true
  },
  "minecraft:recipes/tools/stone_pickaxe": {
    "criteria": {
      "has_cobblestone": "2024-07-12 16:41:09 +0000"
    },
    "done": true
  },
  "aether_legacy:recipes/combat/zanite_helmet": {
    "criteria": {
      "has_zanite_gemstone": "2024-07-12 20:01:21 +0000"
    },
    "done": true
  },
  "aether_legacy:recipes/combat/zanite_gloves": {
    "criteria": {
      "has_zanite_gemstone": "2024-07-12 20:01:21 +0000"
    },
    "done": true
  },
  "minecraft:recipes/transportation/boat": {
    "criteria": {
      "entered_water": "2024-07-12 16:38:26 +0000"
    },
    "done": true
  },
  "minecraft:recipes/misc/purple_dye": {
    "criteria": {
      "has_lapis": "2024-07-12 18:04:57 +0000"
    },
    "done": true
  },
  "minecraft:recipes/transportation/jungle_boat": {
    "criteria": {
      "entered_water": "2024-07-12 16:38:26 +0000"
    },
    "done": true
  },
  "aether_legacy:recipes/building_blocks/hellfire_slab": {
    "criteria": {
      "has_hellfire": "2024-07-12 19:32:01 +0000"
    },
    "done": true
  },
  "minecraft:recipes/redstone/heavy_weighted_pressure_plate": {
    "criteria": {
      "has_iron_ingot": "2024-07-12 17:49:59 +0000"
    },
    "done": true
  },
  "aether_legacy:recipes/combat/zanite_boots": {
    "criteria": {
      "has_zanite_gemstone": "2024-07-12 20:01:21 +0000"
    },
    "done": true
  },
  "aether_legacy:recipes/decorations/skyroot_fence": {
    "criteria": {
      "has_planks": "2024-07-15 05:16:54 +0000"
    },
    "done": true
  },
  "minecraft:recipes/building_blocks/diamond_block": {
    "criteria": {
      "has_at_least_9_diamond": "2024-07-15 06:31:18 +0000"
    },
    "done": true
  },
  "minecraft:recipes/transportation/dark_oak_boat": {
    "criteria": {
      "entered_water": "2024-07-12 16:38:26 +0000"
    },
    "done": true
  },
  "minecraft:recipes/transportation/carrot_on_a_stick": {
    "criteria": {
      "has_carrot": "2024-07-12 17:41:07 +0000"
    },
    "done": true
  },
  "minecraft:recipes/building_blocks/pink_wool": {
    "criteria": {
      "has_white_wool": "2024-07-12 16:36:21 +0000"
    },
    "done": true
  },
  "biomesoplenty:recipes/transportation/boat_jacaranda": {
    "criteria": {
      "entered_water": "2024-07-12 16:38:26 +0000"
    },
    "done": true
  },
  "evilcraft:root": {
    "criteria": {
      "criteria_0": "2024-07-12 17:57:34 +0000"
    },
    "done": true
  },
  "minecraft:recipes/building_blocks/lapis_block": {
    "criteria": {
      "has_at_least_9_lapis": "2024-07-12 18:05:00 +0000"
    },
    "done": true
  },
  "wolfarmor:recipes/combat/iron_wolf_armor": {
    "criteria": {
      "has_the_ingredients": "2024-07-12 17:49:59 +0000"
    },
    "done": true
  },
  "minecraft:recipes/decorations/brown_bed_from_white_bed": {
    "criteria": {
      "has_bed": "2024-07-12 16:46:30 +0000"
    },
    "done": true
  },
  "minecraft:recipes/building_blocks/polished_granite": {
    "criteria": {
      "has_stone": "2024-07-12 17:45:37 +0000"
    },
    "done": true
  },
  "biomesoplenty:recipes/misc/sand_from_dried_sand": {
    "criteria": {
      "has_gem_block": "2024-07-12 18:13:03 +0000"
    },
    "done": true
  },
  "minecraft:recipes/redstone/piston": {
    "criteria": {
      "has_redstone": "2024-07-12 18:26:35 +0000"
    },
    "done": true
  },
  "minecraft:recipes/building_blocks/stone_stairs": {
    "criteria": {
      "has_cobblestone": "2024-07-12 16:41:09 +0000"
    },
    "done": true
  },
  "biomesoplenty:recipes/misc/mud_from_dirt": {
    "criteria": {
      "has_gem_block": "2024-07-12 18:13:03 +0000"
    },
    "done": true
  },
  "tombstone:tutorial/ashes_and_bones": {
    "criteria": {
      "coded_trigger": "2024-07-12 18:09:55 +0000"
    },
    "done": true
  },
  "minecraft:recipes/decorations/dark_oak_fence": {
    "criteria": {
      "has_planks": "2024-07-12 16:36:02 +0000"
    },
    "done": true
  },
  "minecraft:recipes/misc/bone_meal_from_block": {
    "criteria": {
      "has_bone_block": "2024-07-12 16:55:32 +0000"
    },
    "done": true
  },
  "minecraft:recipes/combat/diamond_boots": {
    "criteria": {
      "has_diamond": "2024-07-12 18:00:27 +0000"
    },
    "done": true
  },
  "aether_legacy:gravitite_tools": {
    "criteria": {
      "enter_aether": "2024-07-15 06:45:38 +0000"
    },
    "done": true
  },
  "minecraft:recipes/building_blocks/polished_diorite": {
    "criteria": {
      "has_stone": "2024-07-12 17:47:04 +0000"
    },
    "done": true
  },
  "minecraft:recipes/building_blocks/light_gray_wool": {
    "criteria": {
      "has_white_wool": "2024-07-12 16:36:21 +0000"
    },
    "done": true
  },
  "aether_legacy:recipes/building_blocks/skyroot_planks": {
    "criteria": {
      "has_log": "2024-07-12 19:41:05 +0000"
    },
    "done": true
  },
  "minecraft:recipes/decorations/red_bed_from_white_bed": {
    "criteria": {
      "has_bed": "2024-07-12 16:46:30 +0000"
    },
    "done": true
  },
  "minecraft:recipes/building_blocks/red_wool": {
    "criteria": {
      "has_white_wool": "2024-07-12 16:36:21 +0000"
    },
    "done": true
  },
  "minecraft:story/smelt_iron": {
    "criteria": {
      "iron": "2024-07-12 17:49:59 +0000"
    },
    "done": true
  },
  "minecraft:recipes/tools/stone_axe": {
    "criteria": {
      "has_cobblestone": "2024-07-12 16:41:09 +0000"
    },
    "done": true
  },
  "aether_legacy:recipes/building_blocks/holystone_slab": {
    "criteria": {
      "has_holystone": "2024-07-12 19:29:00 +0000"
    },
    "done": true
  },
  "minecraft:recipes/decorations/blue_banner": {
    "criteria": {
      "has_blue_wool": "2024-07-12 19:57:15 +0000"
    },
    "done": true
  },
  "minecraft:recipes/redstone/wooden_door": {
    "criteria": {
      "has_planks": "2024-07-16 00:33:24 +0000"
    },
    "done": true
  },
  "minecraft:recipes/building_blocks/chiseled_stonebrick": {
    "criteria": {
      "has_stonebrick": "2024-07-12 16:43:58 +0000"
    },
    "done": true
  },
  "aether_legacy:recipes/combat/gravitite_boots": {
    "criteria": {
      "has_enchanted_gravitite": "2024-07-15 06:42:42 +0000"
    },
    "done": true
  },
  "aether_legacy:recipes/decorations/incubator": {
    "criteria": {
      "has_stone": "2024-07-12 19:29:00 +0000"
    },
    "done": true
  },
  "minecraft:recipes/decorations/light_gray_bed_from_white_bed": {
    "criteria": {
      "has_bed": "2024-07-12 16:46:30 +0000"
    },
    "done": true
  }
}